Participant,trigger_no,horizontal_angle_finger_pointing_unscaled,eyegaze_horiz_angle_x,angle_center,Buidling_half_width,horizontal_angle_finger_pointing,eyegaze_horiz_angle_x_scaled_without_tablet,angle_center_scaled,Buidling_half_width_scaled
59,73.0,20.0,15.932967865057403,10.065066352745696,3.468741784529715,11.270000000000001,13.622634801368404,8.716347461477772,3.0039303854027333
59,73.0,7.0,14.660831024550548,10.140886619455728,3.49294740211939,11.270000000000001,13.622634801368404,8.78200781244866,3.0248924502353915
59,73.0,7.0,13.254626476755234,10.21760726179305,3.5174774474225865,11.270000000000001,13.622634801368404,8.848447888712782,3.04613546946796
59,73.0,11.0,17.36553404069034,10.295728644304381,3.5423418993672207,17.71,13.622634801368404,8.916101005967594,3.0676680848520133
59,73.0,15.0,17.476252877608342,10.278734316805568,3.5548990389380406,24.150000000000002,13.622634801368404,8.901383918353622,3.078542567720343
59,73.0,13.0,17.59676317629461,10.35840640050312,3.580272700382349,20.93,13.622634801368404,8.9703799428357,3.1005161585311147
59,73.0,15.0,15.085629827419623,10.439305971091283,3.6059953745373248,20.93,13.622634801368404,9.04043897096505,3.1227919943493236
59,73.0,13.0,18.470462841770008,10.734555702334251,3.712569908076852,20.93,13.622634801368404,9.296125238221462,3.2150855403945537
59,73.0,13.0,15.084123448686045,10.861738740646317,3.7401609925792703,20.93,13.622634801368404,9.40626574939971,3.2389794195736474
59,73.0,11.0,16.244035073541312,10.90977999774278,3.7681669574430123,17.71,13.622634801368404,9.447869478045247,3.263232585145649
59,73.0,11.0,16.72155713208563,10.99945856412613,3.79655322947639,17.71,13.622634801368404,9.525531116533228,3.2878150967265536
59,73.0,7.0,16.403711219300614,11.09060617221479,3.8253490716049177,11.270000000000001,13.622634801368404,9.604464945138007,3.312752296009859
59,73.0,6.0,16.74641238118967,11.166996478323851,3.854561353472353,11.270000000000001,13.622634801368404,9.670618950228455,3.3380501321070573
59,73.0,4.0,19.460906859097722,11.231626727182114,3.8842016147702627,11.270000000000001,13.622634801368404,9.726588745739711,3.363718598391048
59,79.0,4.0,-13.82479082741461,-19.97757527747298,6.030053103405727,6.44,,-17.3005801902916,5.222025987549359
59,79.0,-2.0,-14.028151956447676,-20.36360907055288,6.096733306006329,-3.22,,-17.634885455098793,5.279771043001481
59,79.0,-7.0,-13.811233418812405,-20.57898706090474,6.164639593545895,-11.270000000000001,,-17.821402794743506,5.338577888010745
59,79.0,-8.0,-14.12907933159742,-20.82393811607132,6.233835535705394,-12.88,,-18.033530408517763,5.39850157392087
59,79.0,-10.0,-14.754979695399191,-21.051935891296424,6.304306236977223,-16.1,,-18.2309764818627,5.459529201222274
59,79.0,-9.0,-10.737467612945936,-21.229221940598368,6.376123799504795,-14.49,,-18.384506200558185,5.521723210371152
59,79.0,-9.0,-1.92515202151303,-21.452503689832554,6.44936568154645,-14.49,,-18.57786819539499,5.585150680219226
59,80.0,7.0,11.558444022746098,-28.830751945150276,12.919179523806982,9.66,-13.628961592049434,-24.96743118450014,11.188009467616848
59,80.0,6.0,11.618699172089226,-29.3386788754406,13.108131258092934,9.66,-13.628961592049434,-25.40729590613156,11.351641669508481
59,80.0,1.0,11.893613290967261,-29.807329892112676,13.301340585303604,1.61,-13.628961592049434,-25.81314768656958,11.518960946872923
59,80.0,-3.0,-18.44560759266596,-30.34976260569699,13.498548670858607,-4.83,-13.628961592049434,-26.282894416533594,11.689743148963554
59,80.0,-7.0,-18.804878920624386,-30.910301074097514,13.699917262057056,-11.270000000000001,-13.628961592049434,-26.768320730168448,11.864128348941408
59,80.0,-10.0,-19.46994513149919,-31.545933159705474,13.905474668746251,-11.270000000000001,-13.628961592049434,-27.31877811630494,12.042141063134256
59,80.0,-11.0,-19.612297921822336,-32.08871189557324,14.115386459405304,-11.270000000000001,-13.728608545275634,-27.788824501566427,12.223924673844994
59,81.0,7.0,19.25302659386392,-55.69153915225264,13.271284434795582,11.270000000000001,13.477118615704741,-48.228872905850785,11.492932320532972
59,81.0,7.0,19.40065170975459,-57.15472893295418,13.530520865943092,11.270000000000001,13.580456196828212,-49.49599525593832,11.71743106990672
59,81.0,9.0,19.79080380175136,-58.76962872610955,13.770829937058835,14.49,13.85356266122595,-50.894498476810874,11.925538725492949
59,81.0,9.0,19.832229216924762,-60.41262194326416,13.987468418108136,14.49,13.882560451847333,-52.31733060286677,12.113147650081647
59,81.0,11.0,13.258392423589177,-62.094315112162484,14.176218918148596,17.71,13.882560451847333,-53.77367688713271,12.276605583116684
59,81.0,11.0,14.234525842947903,-63.87171541192166,14.331541496733799,17.71,13.882560451847333,-55.31290554672416,12.411114936171469
59,81.0,11.0,4.7187313829339415,-65.67605022209035,14.44779901123329,17.71,13.882560451847333,-56.87545949233024,12.51179394372803
59,82.0,25.0,19.79758250605247,16.38553481354679,5.230196733854097,35.42,13.85830775423673,14.18987314853152,4.529350371517647
59,82.0,22.0,22.06995482565529,16.48034858267567,5.281752094404262,35.42,15.448968377958703,14.27198187259713,4.573997313754091
59,82.0,15.0,22.100835589693645,16.774075366679575,5.33414406218496,24.150000000000002,15.47058491278555,14.526349267544513,4.619368757852175
59,82.0,15.0,19.80511439972036,16.877926254120737,5.387482454129357,24.150000000000002,13.863580079804251,14.616284136068558,4.665559805276022
59,82.0,15.0,18.175965799355453,17.140165799569004,5.4416880143862025,24.150000000000002,13.863580079804251,14.843383582426757,4.712501820458451
59,82.0,13.0,15.155676438531016,17.294530738439537,5.496875985331582,20.93,13.863580079804251,14.97706361948864,4.76029460329715
59,82.0,13.0,15.921670024555565,17.510247033244564,5.552967418399584,20.93,13.863580079804251,15.163873930789793,4.80886978433404
59,83.0,15.0,27.019915344193503,26.54527188409459,7.561552350150224,24.150000000000002,18.913940740935452,22.988205451625912,6.548304335230094
59,83.0,15.0,27.388978133920176,27.039186361460462,7.64640088036443,24.150000000000002,19.17228469374412,23.41593538902476,6.621783162395596
59,83.0,15.0,27.62773916319233,27.550346396699666,7.731544270868415,24.150000000000002,19.33941741423463,23.85859997954191,6.6955173385720474
59,83.0,15.0,27.974959461282122,28.1365722235075,7.816866802890058,24.150000000000002,19.582471622897483,24.366271545557495,6.7694066513027895
59,83.0,15.0,1.8242246463632918,28.684789634197116,7.904945967896259,24.150000000000002,19.582471622897483,24.841027823214702,6.84568320819816
59,83.0,15.0,1.9801348452886383,29.212237721531455,8.079350291053164,24.150000000000002,19.582471622897483,25.29779786684624,6.996717352052039
59,83.0,15.0,2.344678498814583,29.70352635640149,8.259539784619525,24.150000000000002,19.582471622897483,25.723253824643688,7.152761453480506
59,85.0,32.0,17.330134140451257,-4.690707964187223,1.948307527241431,28.98,13.195576430398962,-4.062153096986135,1.687234318591079
59,85.0,18.0,17.958294072353393,-3.853798914838204,1.9564290498164754,28.98,13.195576430398962,-3.3373898602498846,1.694267557141068
59,85.0,9.0,2.1367982335807816,-3.167224085951688,1.9637796487179795,14.49,13.195576430398962,-2.742816058434162,1.7006331757897704
59,85.0,9.0,-0.8435720908038369,-2.40368185321087,1.9728208944253818,14.49,13.195576430398962,-2.0815884848806134,1.7084628945723805
59,85.0,9.0,-0.8367933865027322,-1.902450000433397,1.9819200568846156,14.49,13.195576430398962,-1.6475217003753218,1.716342769262077
59,85.0,11.0,-16.409736734234926,-1.2991056535843628,1.9894110851499527,14.49,13.195576430398962,-1.1250254960040582,1.7228299997398588
59,85.0,11.0,-16.165703379395246,-0.8916510177971216,1.9986285011696423,14.49,13.195576430398962,-0.7721697814123073,1.7308122820129102
59,85.0,11.0,18.262582576536207,12.700630177232462,4.556571836901899,17.71,13.195576430398962,10.998745733483313,3.9459912107570445
59,85.0,11.0,18.850823471998517,12.838921454435743,4.593209067621543,17.71,13.195576430398962,11.118505979541354,3.9777190525602566
59,85.0,11.0,13.81349298691277,12.957122646695392,4.638768513486374,17.71,13.195576430398962,11.22086821203821,4.0171735326792
59,85.0,11.0,-2.5774140131524286,13.058793112291252,4.67667924430427,17.71,13.195576430398962,11.308914835244224,4.0500042255674975
59,85.0,11.0,-3.159629393680433,13.264611551591871,4.72376350620569,17.71,13.195576430398962,11.48715360367856,4.090779196374127
59,85.0,11.0,-6.239420714481208,13.469985381691796,4.762910658511559,17.71,13.195576430398962,11.665007340545095,4.12468063027101
59,85.0,13.0,-1.4009322222277965,13.540804018245337,4.80262723004387,20.93,13.195576430398962,11.726336279800462,4.159075181217991
59,86.0,15.0,17.708235202579402,17.76680005787778,6.0566611314549155,24.150000000000002,13.200321523409734,15.386048850122158,5.245068539839957
59,86.0,15.0,18.857602176299622,18.022096949793387,6.1312250956278636,24.150000000000002,13.200321523409734,15.607135958521072,5.309640932813729
59,86.0,13.0,18.21965078262922,18.248030614347474,6.193429483582939,20.93,13.200321523409734,15.802794512024912,5.363509932782825
59,86.0,13.0,9.849457349501543,18.518487285776544,6.277975594207153,20.93,13.200321523409734,16.03700998948249,5.436726864583394
59,86.0,13.0,6.585887823204218,18.81112960700933,6.3425734903018,20.93,13.200321523409734,16.29043823967008,5.492668642601359
59,86.0,15.0,15.100693614755409,19.015240254453758,6.408308598790827,24.150000000000002,13.200321523409734,16.467198060356953,5.549595246552856
59,86.0,11.0,8.091513367415695,19.420784701629355,6.4900488584340135,17.71,13.200321523409734,16.81839955161102,5.620382311403857
59,87.0,26.0,29.19813899294768,28.53194440852908,8.699228480013225,41.86,20.438697295063374,24.70866385778618,7.533531863691453
59,87.0,22.0,29.77432885854137,29.085617560784275,8.83962446227992,35.42,20.842030200978957,25.188144807639183,7.655114784334412
59,87.0,20.0,30.38139948817342,29.7887719225376,9.080942102840991,32.2,21.266979641721395,25.79707648491756,7.864095861060298
59,87.0,18.0,0.2048675077666473,30.436550239182203,9.285576210263251,28.98,21.266979641721395,26.358052507131788,8.041308998087976
59,87.0,18.0,0.6251471744349802,31.19839788783842,9.544556108279403,28.98,21.266979641721395,27.017812570868074,8.265585589769962
59,87.0,20.0,1.1132138841143424,31.777783662992064,9.763855664493441,32.2,21.266979641721395,27.519560652151128,8.455499005451319
59,87.0,22.0,-10.769854755717871,32.717593626659344,10.066787168717157,35.42,21.266979641721395,28.33343608068699,8.717837688109057
59,92.0,-5.0,-9.786942632058047,-8.385201870338426,2.8824031397590786,-8.05,,-7.261584819713077,2.4961611190313624
59,92.0,-7.0,-8.260980974943255,-8.498496808493018,2.8992508254477505,-11.270000000000001,,-7.359698236154953,2.5107512148377524
59,92.0,-7.0,-8.36040197135942,-8.553906735671893,2.9180053947280657,-11.270000000000001,,-7.407683233091859,2.5269926718345044
59,92.0,-7.0,-10.876807645801927,-8.619217002659967,2.9439670078254054,-11.270000000000001,,-7.464241924303532,2.5494754287768004
59,92.0,-7.0,-8.763358282591609,-8.729618088510772,2.958001452894896,-11.270000000000001,,-7.559849264650329,2.5616292582069797
59,92.0,-7.0,-8.636069279604245,-8.730565258892684,2.9757176046484735,-11.270000000000001,,-7.560669514201064,2.5769714456255786
59,92.0,-7.0,-5.819141047812872,-8.788952652100924,2.9954530682366274,-11.270000000000001,,-7.611232996719401,2.5940623570929198
59,93.0,-4.0,-14.02589238834731,-10.302804140470178,3.514439103110103,-6.44,,-8.922228385647173,3.0435042632933493
59,93.0,-5.0,-13.760016541870742,-10.446842601486495,3.539236731195861,-8.05,,-9.046965692887305,3.064979009215616
59,93.0,-7.0,-13.264417938523493,-10.473234659188073,3.5694460227229428,-11.270000000000001,,-9.069821214856871,3.0911402556780683
59,93.0,-7.0,-12.185850765281447,-10.549686145343166,3.5950004174693078,-11.270000000000001,,-9.136028201867182,3.1132703615284205
59,93.0,-8.0,0.0,-10.627424657705115,3.6208976296618918,-12.88,,-9.20334975357263,3.135697347287198
59,93.0,-8.0,5.340112610534979,-10.705935850023089,3.647158127272197,-12.88,,-9.271340446119995,3.158438938217722
59,93.0,-8.0,6.115897658327795,-10.785972325652711,3.673786137887283,-12.88,,-9.340652034015248,3.181498795410387
59,94.0,23.0,27.138919264146185,-13.651802619151981,4.4680941178817095,37.03,18.997243484902327,-11.822461068185616,3.86936950608556
59,94.0,15.0,27.9350404248423,-13.791272722012934,4.503293193544341,24.150000000000002,19.55452829738961,-11.943242177263201,3.899851905609399
59,94.0,15.0,29.717086466665393,-13.856914901652331,4.543006712683707,24.150000000000002,20.801960526665773,-12.00008830483092,3.93424381318409
59,94.0,15.0,6.015723472544837,-14.00712947533806,4.5793214272487655,24.150000000000002,20.801960526665773,-12.130174125642759,3.9656923559974304
59,94.0,15.0,6.310220514959387,-14.085678737994737,4.603833622409625,24.150000000000002,20.801960526665773,-12.198197787103442,3.986919917006735
59,94.0,11.0,-25.685263786243148,-14.11143976235181,4.64108581851452,17.71,20.801960526665773,-12.220506834196668,4.019180318833575
59,94.0,7.0,5.669256363821833,-14.367315773425293,4.69160689772875,17.71,20.801960526665773,-12.442095459786303,4.062931573433098
59,95.0,9.0,-10.208728677459964,57.34143033961897,17.444381712383233,14.49,,49.657678674110024,15.106834562923883
59,95.0,5.0,-11.211976914023095,59.435758933970305,18.050671845530303,8.05,,51.47136723681828,15.631881818229242
59,95.0,-3.0,-11.304619206138156,61.4149444198228,18.586237903714647,-4.83,,53.18534186756655,16.09568202461688
59,95.0,-7.0,-10.998824323221765,63.583857293135225,19.100924221870827,-11.270000000000001,,55.063620415855105,16.541400376140135
59,95.0,-11.0,-10.945347878179737,65.719577382973,19.588627245575026,-17.71,,56.91315401365462,16.96375119466797
59,95.0,-11.0,-13.382668669109387,68.0468449300929,20.042588384613595,-17.71,,58.92856770946045,17.356881541075374
59,95.0,-10.0,-14.207411025743491,70.45015016154338,36.695359161444884,-16.1,,61.00983003989656,31.77818103381127
59,97.0,0.0,2.7973453082548536,14.932813555215057,4.958131357927917,-49.910000000000004,19.419556762861,12.93181653881624,4.293741755965577
59,97.0,-31.0,2.9268938793425874,15.03448785733232,5.004901413408349,-49.910000000000004,19.419556762861,13.01986648444979,4.33424462401163
59,97.0,-31.0,2.884715274802391,15.271257963828573,5.052432999696886,-49.910000000000004,19.419556762861,13.224909396675544,4.375406977737502
59,97.0,-31.0,4.687097429528801,15.308131864044526,5.095919811289886,-49.910000000000004,19.419556762861,13.256842194262559,4.413066556577041
59,97.0,-31.0,4.4957873303643625,15.595471681565428,5.149919740598246,-49.910000000000004,19.419556762861,13.50567847623566,4.459830495358081
59,97.0,-31.0,4.5100979283333515,15.720660718810642,5.199926971641652,-49.910000000000004,19.419556762861,13.614092182490015,4.503136757441672
59,97.0,0.0,4.368498327376995,15.928518708400523,5.250753357915966,-49.910000000000004,19.419556762861,13.794097201474852,4.547152407955227
59,97.0,-31.0,4.9928923124451865,17.276897446684494,5.705993038586061,-49.910000000000004,19.419556762861,14.961793188828771,4.9413899714155285
59,97.0,-29.0,5.0682112491241,17.436605408156048,5.781758205629612,-46.690000000000005,19.419556762861,15.100100283463137,5.007002606075243
59,97.0,-31.0,7.399332339336483,17.7102702717497,5.851510444114191,-49.910000000000004,19.419556762861,15.337094055335239,5.06740804460289
59,97.0,-29.0,27.742223946944286,17.99177513518862,5.938784594785449,-46.690000000000005,19.419556762861,15.580877267073346,5.142987459084199
59,97.0,-31.0,28.38168171934826,18.139538614914176,6.011948958799436,-49.910000000000004,19.867177203543783,15.708840440515676,5.20634779832031
59,97.0,-29.0,28.529306835238927,18.4594103417889,6.095108243815847,-46.690000000000005,19.970514784667248,15.985849355989187,5.278363739144524
59,97.0,-31.0,20.739822403905677,18.71978188667225,6.188980912937685,-49.910000000000004,14.517875682733973,16.21133111385817,5.359657470604035
59,97.0,-31.0,13.390953752144064,22.80943037731395,7.637445134260844,-49.910000000000004,14.517875682733973,19.75296670675388,6.61402748626989
59,97.0,-31.0,13.467779067556554,23.12260318296974,7.785646293458301,-49.910000000000004,14.517875682733973,20.024174356451795,6.742369690134889
59,97.0,-31.0,13.644025379385216,23.54128837142917,7.9386940131958195,-49.910000000000004,14.517875682733973,20.38675572965766,6.87490901542758
59,97.0,-31.0,13.751731458836067,24.01811550373406,8.096774886722523,-49.910000000000004,14.517875682733973,20.799688026233696,7.011807051901705
59,97.0,-31.0,13.919692687630036,24.442423107983046,8.260008963256901,-49.910000000000004,14.517875682733973,21.167138411513317,7.153167762180477
59,97.0,-31.0,13.881280029923792,24.860567730247755,8.428763265934933,-49.910000000000004,14.517875682733973,21.529251654394557,7.299308988299652
59,97.0,-31.0,14.02589238834731,25.310358353177868,8.602979825616028,-49.910000000000004,14.517875682733973,21.918770333852034,7.45018052898348
59,97.0,4.0,9.694300339942984,65.25916008185887,19.36823479975762,6.44,14.517875682733973,56.51443263088978,16.7728913365901
59,97.0,6.0,11.84314960339239,67.37749179592181,19.571586564381715,9.66,14.517875682733973,58.34890789526829,16.948993964754564
59,97.0,11.0,15.763500257529847,68.98852947613804,19.691613885939834,17.71,14.517875682733973,59.744066526335544,17.052937625223898
59,97.0,13.0,18.200067859092705,71.746224732963,19.861232562838307,20.93,14.517875682733973,62.13223061874596,17.199827399417973
59,97.0,15.0,18.89752121273944,74.12077901843197,19.937546689680328,24.150000000000002,13.228264848917608,64.18859462996208,17.265915433263164
59,97.0,18.0,19.711718918238507,76.71858363709022,39.024130855124284,28.98,13.798203242766954,66.43829342972013,33.79489732053763
59,97.0,20.0,18.716002575343268,78.89408270690785,40.33095536349895,32.2,13.798203242766954,68.3222756241822,34.92660734479009
59,98.0,15.0,9.918750771246149,30.357116538977294,12.979615840974217,24.150000000000002,,26.289262922754336,11.240347318283673
59,98.0,18.0,13.967896807104548,31.050642701990068,13.314152920645418,28.98,,26.8898565799234,11.530056429278932
59,98.0,13.0,12.430637309487913,31.755845400489243,13.628548299687822,20.93,,27.500562116823684,11.802322827529654
59,98.0,9.0,11.906417510202681,32.436589244554455,13.920549924798912,14.49,,28.090086285784157,12.05519623487586
59,98.0,9.0,13.99425843494216,33.10426810395794,14.254834009688906,14.49,,28.66829617802758,12.344686252390591
59,98.0,-1.0,14.893566538888397,33.888326426673295,14.599506478147623,-1.61,,29.347290685499072,12.64317261007584
59,98.0,1.0,11.506473956437643,34.69400882329354,14.955099319532547,1.61,,30.045011640972202,12.951116010715184
59,100.0,7.0,22.707906219325693,7.283666548798715,2.228436914788256,11.270000000000001,15.895534353527983,6.307655231259687,1.9298263682066294
59,100.0,13.0,17.715767096247294,7.303027049718279,2.240818124801763,20.93,15.895534353527983,6.3244214250560296,1.940548496078327
59,100.0,13.0,19.19503101262116,7.36513337505175,2.2510323908315044,20.93,13.436521708834812,6.378205502794815,1.9493940504600826
59,100.0,13.0,20.541733600440136,7.4509247132799175,2.2624960227774875,20.93,14.379213520308094,6.452500801700409,1.9593215557253036
59,100.0,15.0,0.0,7.514201291073728,2.274065006552277,24.150000000000002,14.379213520308094,6.507298318069848,1.969340295674272
59,100.0,15.0,15.935980622524564,7.498009681921833,2.2845762833251095,24.150000000000002,14.379213520308094,6.493276384544307,1.9784430613595454
59,100.0,15.0,17.520691050248903,7.534081893461111,2.297559592312111,24.150000000000002,14.379213520308094,6.524514919737322,1.9896866069422878
59,101.0,7.0,15.133080757527337,-9.897379951039932,3.0515737772755807,11.270000000000001,,-8.571131037600582,2.6426628911206524
59,101.0,7.0,15.44414796601125,-9.952140409051754,3.070371235951425,11.270000000000001,,-8.618553594238819,2.6589414903339335
59,101.0,9.0,15.974393280230808,-10.003302693134431,3.0936460455430757,14.49,,-8.662860132254417,2.6790974754403036
59,101.0,9.0,36.708943358568966,-10.084465482760969,3.112952522897671,14.49,,-8.733147108070998,2.695816884829383
59,101.0,9.0,34.56687279942066,-10.064891743250438,3.134664130103696,14.49,,-8.71619624965488,2.714619136669801
59,101.0,9.0,32.411244831670146,-10.219801054154633,3.156683822760371,14.49,,-8.850347712897912,2.733688190510481
59,101.0,15.0,32.95052841829117,-10.289094822341168,3.17900193030928,24.150000000000002,,-8.910356116147451,2.7530156716478364
59,102.0,13.0,9.725181103981338,15.327397022148022,4.244462000763797,20.93,,13.273525821180186,3.675704092661448
59,102.0,9.0,10.925011765276428,15.471124485626131,4.296173916498759,14.49,,13.397993804552229,3.7204866116879245
59,102.0,7.0,12.580521993478953,15.665409968507392,4.354408032665985,11.270000000000001,,13.566245032727402,3.7709173562887432
59,102.0,7.0,13.436898303518204,15.856443470714103,4.4031671195201465,11.270000000000001,,13.731680045638413,3.8131427255044477
59,102.0,7.0,14.930472817861064,16.0232100410144,4.458555412526092,11.270000000000001,,13.876099895518472,3.8611089872475954
59,102.0,7.0,16.18603949229855,16.22179393646635,4.5152045172481925,11.270000000000001,,14.04807354897986,3.910167111936935
59,102.0,7.0,17.449138060403936,16.347422817457574,4.573184350699908,11.270000000000001,,14.15686815991826,3.96037764770612
59,103.0,-9.0,-30.186323442175027,33.953373670455726,14.655864598385353,-14.49,-21.130426409522517,29.40362159861466,12.691978742201714
59,103.0,-16.0,-30.359556996536533,34.77377668641502,15.013485025586954,-25.76,-21.25168989757557,30.114090610435404,13.001678032158303
59,103.0,-18.0,-29.926473110632777,35.66575155372218,15.419509618134606,-28.98,-20.94853117744294,30.88654084552341,13.35329532930457
59,103.0,-16.0,-29.914422080764155,36.452602521938395,15.761365402123417,-25.76,-20.940095456534905,31.56795378399865,13.64934243823888
59,103.0,-16.0,-16.55811503949239,37.35762115174326,16.151275436382114,-25.76,-20.940095456534905,32.35169991740966,13.98700452790691
59,103.0,-15.0,4.403898227616086,38.32288555664889,16.551684307403356,-24.150000000000002,-20.940095456534905,33.18761889205794,14.333758610211309
59,103.0,-15.0,4.4701788918935295,39.28773339359666,16.96226442990156,-24.150000000000002,-20.940095456534905,34.023177118854704,14.689320996294754
59,104.0,0.0,20.537967653606184,-76.74999953568903,43.12322916313801,0.0,14.376577357524328,-66.4654995979067,37.34471645527751
59,104.0,4.0,15.519466902690164,-78.92188593614492,44.00340969264653,6.44,14.376577357524328,-68.3463532207015,38.106952793831894
59,104.0,7.0,18.304007991709604,-81.03796757987732,44.841665858665124,11.270000000000001,14.376577357524328,-70.17887992417376,38.832882633603994
59,104.0,11.0,23.052866949315117,-83.2673012948892,41.6336506474446,17.71,16.137006864520583,-72.10948292137404,36.05474146068702
59,104.0,11.0,21.20152748574742,-85.42939154789468,42.71469577394734,17.71,14.841069240023193,-73.9818530804768,36.9909265402384
59,104.0,11.0,4.570353077676479,-87.62708694554885,43.81354347277443,17.71,14.841069240023193,-75.88505729484531,37.942528647422655
59,104.0,11.0,9.60165804782792,-89.85398560582064,44.92699280291032,17.71,14.841069240023193,-77.81355153464067,38.90677576732033
59,105.0,26.0,25.15049933582286,29.644849407294938,8.551489712648088,41.86,17.605349535076,25.672439586717417,7.405590091153245
59,105.0,26.0,24.123902228889264,30.27844030131327,8.76682694090219,41.86,16.886731560222483,26.221129300937292,7.592072130821295
59,105.0,27.0,25.64986388600406,30.94546447580715,8.990066025572505,43.470000000000006,17.95490472020284,26.79877223604899,7.785397178145789
59,105.0,26.0,17.513912345947798,31.5990991189605,9.221499551325342,41.86,17.95490472020284,27.36481983701979,7.985818611447746
59,105.0,26.0,3.015770224623706,32.10634008357183,9.436936149956157,41.86,17.95490472020284,27.804090512373204,8.17238670586203
59,105.0,29.0,4.839241681620205,32.915379318336306,9.709674086784249,46.690000000000005,17.95490472020284,28.50471848967924,8.40857775915516
59,105.0,30.0,9.725934293348125,33.71390799977233,9.96696662909946,48.300000000000004,17.95490472020284,29.196244327802837,8.631393100800132
59,106.0,7.0,22.31474136986176,57.44126463829178,16.762856506641757,11.270000000000001,15.620318958903232,49.74413517676068,14.516633734751764
59,106.0,11.0,20.666009845960343,59.191029785565064,17.096754017374302,17.71,14.466206892172238,51.259431794299346,14.805788979046145
59,106.0,15.0,23.772162794598742,61.00784208153707,17.413462043121942,24.150000000000002,16.64051395621912,52.8327912426111,15.080058129343602
59,106.0,15.0,21.468156521590767,62.76638031570954,17.680515225257135,24.150000000000002,15.027709565113536,54.35568535340446,15.311326185072677
59,106.0,15.0,22.597940571774473,64.94356099010717,17.97946747657089,24.150000000000002,15.81855840024213,56.24112381743281,15.570218834710388
59,106.0,15.0,36.44306751209239,66.95772931307803,18.220664590950324,24.150000000000002,15.81855840024213,57.98539358512558,15.779095535762984
59,106.0,18.0,35.649959108863435,68.85345215300713,18.40909196137697,28.98,15.81855840024213,59.62708956450417,15.942273638552454
59,107.0,5.0,16.415009059802454,31.923865121806926,10.157567604256057,8.05,,27.646067195484797,8.796453545285747
59,107.0,7.0,14.663843782017711,32.48095873418865,10.403259394447627,11.270000000000001,,28.128510263807367,9.009222635591644
59,107.0,7.0,14.513959098026673,33.03604117571135,10.633910879783112,11.270000000000001,,28.609211658166025,9.208966821892178
59,107.0,9.0,12.950337972572425,33.54927941955784,10.847230576268096,14.49,,29.05367597733709,9.393701679048172
59,107.0,11.0,16.432332415238598,34.10467081886185,11.115898429769308,17.71,,29.53464492913436,9.62636804018022
59,107.0,11.0,14.385916905672516,34.730896314657585,11.367809885549695,17.71,,30.076956208493467,9.844523360886035
59,107.0,13.0,34.73859997504858,35.35790688265472,11.626765572622151,20.93,,30.619947360378983,10.068778985890782
59,109.0,0.0,26.81580102579364,8.572925886217735,2.8180993346227914,0.0,18.771060718055548,7.424153817464559,2.440474023783337
59,109.0,13.0,23.56428252936494,8.70254470946346,2.8430116072863636,20.93,16.494997770555457,7.5364037183953565,2.4620480519099903
59,109.0,18.0,24.729466479787735,8.930409591799442,2.864693742229928,28.98,17.310626535851412,7.733734706498317,2.480824780771118
59,109.0,22.0,29.562682646473625,8.83498333097032,2.8811744573549944,35.42,20.693877852531536,7.651095564620298,2.495097080069425
59,109.0,22.0,5.241444803485602,8.877560505754111,2.899704981397612,35.42,20.693877852531536,7.68796739798306,2.5111445138903323
59,109.0,23.0,8.635316090237454,8.877152846707082,2.918471697057845,37.03,20.693877852531536,7.687614365248333,2.527396489652094
59,109.0,26.0,9.979005920589277,9.030120343151738,2.9374719380352117,41.86,20.693877852531536,7.820084217169406,2.5438506983384936
59,111.0,-4.0,12.817023454650739,-20.463043474572235,6.61008313413464,-6.44,-14.52209354318799,-17.720995648979557,5.724331994160598
59,111.0,-2.0,12.4457010968237,-20.92323824478218,6.720696224880072,-3.22,-14.52209354318799,-18.119524319981366,5.820122930746142
59,111.0,1.0,13.218473387149354,-21.20723935186946,6.817999715744694,1.61,-14.52209354318799,-18.365469278718955,5.904387753834905
59,111.0,1.0,-18.30476118107639,-21.630544070047765,6.892421266082384,1.61,-14.52209354318799,-18.732051164661364,5.968836816427344
59,111.0,1.0,-20.74584791883999,-21.916700278970506,6.976607165196383,1.61,-14.52209354318799,-18.97986244158846,6.041741805060068
59,111.0,4.0,-18.804125731257596,-22.16745597876622,7.062522025301517,6.44,-14.52209354318799,-19.197016877611546,6.116144073911114
59,111.0,4.0,-29.760018260572384,-22.495432888981206,7.1590075256663,6.44,-20.832012782400668,-19.481044881857724,6.199700517227017
59,113.0,0.0,12.720615215701732,46.3308858201955,16.031820454588708,0.0,13.370617639240763,40.1225471202893,13.88355651367382
59,113.0,0.0,10.455774789766805,47.69725601713417,16.509573236619488,0.0,13.370617639240763,41.30582371083819,14.297290422912477
59,113.0,0.0,16.26286480771104,49.133177002152095,16.942526371535312,0.0,13.370617639240763,42.549331283863715,14.672227837749581
59,113.0,4.0,17.545546299352946,50.543228910191765,17.37572509868664,6.44,13.370617639240763,43.77043623622607,15.04737793546263
59,113.0,6.0,19.100882341772518,52.68446518889958,17.950569044566475,9.66,13.370617639240763,45.624746853587034,15.545192792594566
59,113.0,7.0,18.05319593256883,54.23640873485406,18.3755151110566,9.66,13.370617639240763,46.96872996438361,15.913196086175015
59,113.0,11.0,21.62105396304896,56.35895983613704,18.88160576230833,9.66,15.134737774134273,48.80685921809467,16.35147059015901
59,115.0,-21.0,-17.200585569363522,13.315305154207714,5.1175087473686975,-33.81,-18.608145858019057,11.53105426354388,4.431762575221292
59,115.0,-21.0,-18.71298981787611,13.374420275021016,5.173384523829849,-33.81,-18.608145858019057,11.5822479581682,4.480150997636649
59,115.0,-21.0,-17.943230285017613,13.64891029458723,5.243309896975602,-33.81,-18.608145858019057,11.819956315112542,4.540706370780872
59,115.0,-21.0,-16.836795105204367,13.82579028514604,5.295300346292379,-33.81,-18.608145858019057,11.97313438693647,4.585730099889201
59,115.0,-18.0,-26.5830655114558,13.970628344286277,5.368380632442532,-28.98,-18.608145858019057,12.098564146151917,4.649017627695232
59,115.0,-18.0,-14.150921823234306,14.0376465826159,5.4364611716869895,-28.98,-18.608145858019057,12.156601940545368,4.707975374680933
59,115.0,-15.0,-11.776868939114948,14.239416125591923,5.506201084296039,-28.98,-18.608145858019057,12.331334364762606,4.768370139000369
59,117.0,6.0,14.073343318455027,-23.201931932864877,11.094116738148204,9.66,13.318421616122272,-20.092873053860984,9.607505095236345
59,117.0,11.0,14.991481156570982,-23.611215599291967,11.231027568673722,17.71,13.318421616122272,-20.447312708986843,9.726069874471442
59,117.0,11.0,17.355742578922083,-23.99437827737488,11.370316931802611,17.71,13.318421616122272,-20.779131588206646,9.846694462941063
59,117.0,11.0,19.02631659446039,-24.334973884980492,11.51188120791624,17.71,13.318421616122272,-21.074087384393106,9.969289126055465
59,117.0,11.0,17.248789688838023,-24.742874196751018,11.655617765074357,17.71,13.318421616122272,-21.42732905438638,10.093764984554394
59,117.0,11.0,-13.384175047842962,-25.204288446513612,11.78693137040442,17.71,13.318421616122272,-21.826913794680788,10.207482566770226
59,117.0,13.0,-9.820082964196766,-25.62678485371988,11.934963555532203,20.93,13.318421616122272,-22.192795683321414,10.335678439090888
59,118.0,0.0,16.651510520974245,23.78730603645953,6.971029559233141,0.0,13.414905174007965,20.599807027573952,6.036911598295901
59,118.0,0.0,19.164150248582807,24.21587219313326,7.095166249851722,0.0,13.414905174007965,20.970945319253403,6.144413972371592
59,118.0,7.0,20.919081473201494,24.742761944828846,7.209618997588299,11.270000000000001,14.643357031241045,21.42723184422178,6.243530051911466
59,118.0,11.0,23.541686848361262,25.219973688247688,7.354381724699698,17.71,16.479180793852883,21.8404972140225,6.368894573589939
59,118.0,11.0,-0.12954857108773363,25.502769144600418,7.531382231377339,17.71,16.479180793852883,22.08539807922396,6.522177012372776
59,118.0,7.0,3.884197564531583,26.102493609452893,7.715151062741571,11.270000000000001,16.479180793852883,22.604759465786206,6.6813208203342
59,118.0,4.0,-0.3517394342905239,26.501723440561783,7.906078607683499,6.44,16.479180793852883,22.950492499526504,6.846664074253908
59,119.0,-21.0,-42.70433071821049,59.63036216022157,20.591922204017575,-33.81,-29.89303150274734,51.63989363075188,17.83260462867922
59,119.0,-21.0,-43.26319722836803,61.73360085786238,20.917666798512204,-33.81,-30.284238059857618,53.46129834290882,18.11469944751157
59,119.0,-24.0,-41.756065305422965,63.69680459379777,21.149345230694383,-38.64,-29.22924571379607,55.16143277822887,18.315332969781338
59,119.0,-24.0,-37.801067940413205,65.86698365718173,21.385431545307064,-38.64,-26.460747558289242,57.04080784711938,18.519783718235917
59,119.0,-26.0,-43.7369533400784,67.81431723297916,21.53325507396991,-41.86,-30.61586733805488,58.727198723759955,18.647798894057946
59,119.0,-24.0,-19.86386317032991,70.28808160852536,35.8355686905197,-38.64,-13.904704219230936,60.869478672982964,31.03360248599006
59,119.0,-21.0,-27.504216107038914,72.66497511751709,36.736127296941596,-38.64,-19.252951274927238,62.9278684517698,31.813486239151423
59,1.0,20.0,19.75163795467833,-14.999041015247204,2.1295364784046136,32.2,13.82614656827483,-12.98916951920408,1.8441785902983954
59,1.0,15.0,19.258298919431446,-15.00613391614848,2.142518969915889,24.150000000000002,13.480809243602012,-12.995311971384583,1.8554214279471593
59,1.0,11.0,-0.4586923243745868,-15.08331510246697,2.155643659922494,17.71,13.480809243602012,-13.062150878736396,1.86678740949288
59,1.0,11.0,-0.08360401971359523,-15.230686423971942,2.168925228437618,17.71,13.480809243602012,-13.189774443159703,1.8782892478269773
59,1.0,11.0,0.8819847485100821,-15.239894394449777,2.1823463187295236,17.71,13.480809243602012,-13.197748545593507,1.889911912019767
59,1.0,15.0,3.8088786278526694,-15.38885600559876,2.1959328648956253,24.150000000000002,13.480809243602012,-13.326749300848526,1.9016778609996114
59,1.0,7.0,4.380549357245618,-15.39972480750066,2.2096719759531913,24.150000000000002,13.480809243602012,-13.33616168329557,1.9135759311754637
59,2.0,23.0,-21.23165506041898,14.234764412105017,2.1965483073136074,28.98,-14.862158542293285,12.327305980882944,1.9022108341335837
59,2.0,18.0,-21.05164280175638,14.308374125994197,2.20934635892202,28.98,-14.736149961229465,12.391051993110974,1.9132939468264691
59,2.0,7.0,-20.802337121349176,14.382732951595763,2.222284237468508,11.270000000000001,-14.561635984944422,12.45544673608193,1.9244981496477278
59,2.0,-7.0,-21.45158635552141,14.457852128386852,2.235364100329047,-11.270000000000001,-15.016110448864985,12.520499943183014,1.9358253108849546
59,2.0,-11.0,-17.510146399113857,14.533921496398172,2.248590412286383,-17.71,-15.016110448864985,12.586376015880816,1.9472792970400077
59,2.0,-12.0,14.42508275274555,14.61051255640697,2.2619608845884898,-19.32,-15.016110448864985,12.652703873848436,1.9588581260536326
59,2.0,-14.0,14.76477115716745,14.688295151143498,2.2754905812529866,-19.32,-15.016110448864985,12.720063600890269,1.9705748433650863
59,3.0,25.0,25.554962025788626,-21.169256120781554,4.606617869833336,40.25,17.888473418052037,-18.332575800596825,3.9893310752756683
59,3.0,22.0,25.307162724115003,-21.318486808549356,4.647282497814663,35.42,17.7150139068805,-18.46180957620374,4.024546643107497
59,3.0,22.0,27.68498155506831,-21.469479262212577,4.688562942192624,35.42,19.379487088547815,-18.592569041076093,4.060295507938812
59,3.0,20.0,4.045380089024458,-21.692896005794616,4.730502533913974,32.2,19.379487088547815,-18.786047941018136,4.096615194369503
59,3.0,18.0,0.8932825890119175,-21.848292800947487,4.773051103674783,28.98,19.379487088547815,-18.92062156562052,4.133462255782362
59,3.0,15.0,4.47469802809426,-21.936038044443436,4.816252161133841,24.150000000000002,19.379487088547815,-18.996608946488013,4.170874371541907
59,3.0,15.0,1.670574015538302,-22.165871339300406,4.860150765458291,24.150000000000002,19.379487088547815,-19.195644579834152,4.2088905628868805
59,4.0,23.0,32.657537754610196,22.12853586949842,3.5462447701368376,37.03,23.231448148180814,19.163312062985632,3.0710479709385012
59,4.0,25.0,32.79160546189866,22.298090867679093,3.576402925934218,40.25,23.231448148180814,19.310146691410093,3.097164933859034
59,4.0,25.0,36.45210578449387,22.469979049547987,3.6070201986645998,40.25,23.231448148180814,19.459001856908557,3.1236794920435447
59,4.0,25.0,33.18778306882974,22.71483288463105,3.6381243351686408,40.25,23.231448148180814,19.67104527809049,3.150615674256043
59,4.0,26.0,32.421789482805195,22.822840599578797,3.6697252845332287,41.86,22.695252637963634,19.76457995923524,3.177982096405776
59,4.0,26.0,35.733563128577025,23.003099508881405,3.7017741450735,41.86,25.013494190003914,19.920684174691296,3.2057364096336514
59,4.0,26.0,36.07777066919966,23.186294407978835,3.734338260636491,41.86,25.25443946843976,20.079330957309672,3.2339369337112007
59,5.0,7.0,17.184768592660944,32.689823586805836,5.413586422696749,11.270000000000001,20.44080622529039,28.309387226173854,4.688165842055385
59,5.0,9.0,18.658006994100504,33.0440098000222,5.472411465307946,14.49,20.44080622529039,28.616112486819226,4.73910832895668
59,5.0,13.0,29.201151750414844,33.40539193688182,5.5320570855659685,20.93,20.44080622529039,28.929069417339655,4.79076143610013
59,5.0,13.0,31.606085398572553,33.84309297605773,5.5925376825130115,20.93,20.44080622529039,29.308118517265996,4.843137633056269
59,5.0,15.0,30.950057460099213,34.218496726473745,5.653815702602429,24.150000000000002,20.44080622529039,29.633218165126262,4.896204398453703
59,5.0,13.0,30.141132080167683,34.60151985580177,5.715963628740695,20.93,20.44080622529039,29.96491619512433,4.950024502489443
59,5.0,7.0,39.23965963098046,34.9921224947924,5.778941476920977,20.93,20.44080622529039,30.303178080490216,5.004563319013565
59,6.0,23.0,24.027493989940258,15.597920447402231,2.4256940985117375,37.03,16.819245792958178,13.507799107450332,2.1006510893111647
59,6.0,15.0,22.345622133900115,15.685602452211066,2.441097066586808,24.150000000000002,15.64193549373008,13.583731723614783,2.113990059664176
59,6.0,15.0,23.10333063688999,15.774252922839981,2.4566813497102116,24.150000000000002,16.17233144582299,13.660503031179424,2.1274860488490432
59,6.0,15.0,20.7240054272031,15.864055312947226,2.4724499228909167,24.150000000000002,14.506803799042169,13.738271901012297,2.1411416332235333
59,6.0,15.0,18.63691769183041,15.885409322140031,2.4884058209555144,24.150000000000002,14.506803799042169,13.756764472973266,2.1549594409474757
59,6.0,15.0,17.86339221213796,16.04631160616366,2.5045444888112565,24.150000000000002,14.506803799042169,13.896105850937728,2.1689355273105484
59,6.0,15.0,22.679285023387706,16.138996693822573,2.5208842612876987,24.150000000000002,15.875499516371393,13.976371136850348,2.183085770275146
59,7.0,25.0,27.266208267133546,18.33551958991424,2.490650098674367,40.25,19.08634578699348,15.878559964865733,2.1569029854520023
59,7.0,23.0,27.97646584001571,18.456846977476555,2.511455414728019,37.03,19.583526088010995,15.983629482494697,2.1749203891544635
59,7.0,23.0,26.912962454109444,18.579152771125834,2.5325551632810477,37.03,18.83907371787661,16.08954629979497,2.193192771401388
59,7.0,22.0,20.78501376591303,18.704131396025755,2.5539811037776534,35.42,14.549509636139119,16.1977777889583,2.211747635871448
59,7.0,22.0,23.26978548695039,18.830223790202517,2.575726781645079,35.42,16.28884984086527,16.30697380231538,2.230579392904639
59,7.0,18.0,18.73633868824657,18.957659449687732,2.597779782954234,28.98,16.28884984086527,16.417333083429575,2.249677292038366
59,7.0,13.0,7.0641630711153125,19.087078228740282,2.6201841324275765,20.93,16.28884984086527,16.529409746089083,2.269079458682282
59,8.0,23.0,33.75418147265518,22.86068926478851,3.807462821324986,37.03,23.627927030858626,19.79735690330685,3.2972628032674383
59,8.0,25.0,35.24399004016409,23.048285188598193,3.8417791273232034,40.25,24.670793028114865,19.959814973326036,3.326980724261894
59,8.0,26.0,18.923882840577065,23.238241790028916,3.876641892333012,41.86,13.246717988403944,20.12431739016504,3.357171878760388
59,8.0,27.0,5.248223507786703,23.431062177937754,3.912018660039992,43.470000000000006,13.246717988403944,20.291299846094095,3.3878081595946323
59,8.0,26.0,5.7475880579679,23.62799727792099,3.9479608349056505,41.86,13.246717988403944,20.461845642679577,3.4189340830282937
59,8.0,26.0,6.596432474339265,23.826585282664954,3.984435971672813,41.86,13.246717988403944,20.63382285478785,3.450521551468656
59,8.0,15.0,6.776444733001868,24.029034510589433,4.021475834629186,41.86,13.246717988403944,20.80914388617045,3.482598072788875
59,9.0,30.0,40.015444678773264,31.64990498765545,5.294015918769553,48.300000000000004,28.010811275141283,27.40881771930962,4.584617785654432
59,9.0,30.0,41.30716444281664,31.98646770306158,5.351308885800108,48.300000000000004,28.915015109971648,27.70028103085133,4.634233495102894
59,9.0,30.0,44.807988619652555,32.260174593580565,5.409496681447349,48.300000000000004,31.365592033756787,27.93731119804077,4.684624126133404
59,9.0,30.0,39.29388926538928,32.60957234861451,5.468488027023703,48.300000000000004,31.365592033756787,28.239889653900168,4.735710631402526
59,9.0,30.0,36.00019216442038,32.9652060214814,5.528311649161452,48.300000000000004,31.365592033756787,28.547868414602892,4.7875178881738165
59,9.0,27.0,35.777248111850795,33.32860296094168,5.589014307444849,43.470000000000006,31.365592033756787,28.862570164175494,4.840086390247238
59,9.0,11.0,36.86485355749432,33.69905187601929,5.6505909027257495,43.470000000000006,31.365592033756787,29.183378924632706,4.893411721760497
59,10.0,41.0,52.09057660713671,44.918045913522185,7.321134977500844,66.01,36.46340362499569,38.89902776111021,6.34010289051573
59,10.0,45.0,52.968795408812845,45.60048756726822,7.3975421923233675,72.45,37.07815678616899,39.49002223325427,6.406271538552037
59,10.0,45.0,52.643417602359946,46.29641140961372,7.473785384959427,72.45,36.85039232165196,40.09269228072548,6.472298143374864
59,10.0,45.0,28.577510954713432,47.00693060274132,7.54973898294697,72.45,20.004257668299402,40.70800190197399,6.538073959232076
59,10.0,45.0,28.38168171934826,47.66226739795588,7.6253229429026845,72.45,19.867177203543783,41.27552356662979,6.603529668553726
59,10.0,41.0,28.636259725322994,48.331917621686785,7.700352914377177,66.01,20.045381807726095,41.85544066038076,6.668505623850635
59,10.0,35.0,16.905335337582184,49.08516981012906,7.774635617026405,56.35,20.045381807726095,42.507757055571766,6.732834444344867
59,11.0,25.0,30.184817063441454,74.19804191036862,8.817962959747831,40.25,21.129371944409016,64.25550429437922,7.636355923141625
59,11.0,22.0,29.06331809629243,75.34055147773705,8.771011708457628,35.42,20.3443226674047,65.24491757972028,7.595696139524307
59,11.0,22.0,34.436571038966136,76.49597603758927,8.71555983064426,35.42,24.105599727276292,66.24551524855231,7.547674813337931
59,11.0,22.0,9.65588768223674,77.59204766654224,8.651648938597802,35.42,24.105599727276292,67.19471327922558,7.492327980825696
59,11.0,22.0,3.6153089605878574,78.83782218925201,8.578893262652961,35.42,24.105599727276292,68.27355401589224,7.429321565457464
59,11.0,22.0,8.556984396091385,80.02447705718326,8.497291672329204,35.42,24.105599727276292,69.30119713152071,7.358654588237091
59,11.0,15.0,6.964742074699152,81.14857394697076,8.407092236300201,24.150000000000002,24.105599727276292,70.27466503807668,7.280541876635972
59,13.0,11.0,16.779552713328393,8.64053769954818,1.2825202121353119,17.71,15.488510819715131,7.482705647808723,1.1106625037091802
59,13.0,15.0,22.126444028164475,8.613094677460609,1.2876192776240116,24.150000000000002,15.488510819715131,7.4589399906808875,1.115078294422394
59,13.0,18.0,33.07932380001211,8.62698080375342,1.2918190152427944,28.98,15.488510819715131,7.470965376050462,1.1187152672002596
59,13.0,18.0,28.715344608835846,8.597421752219512,1.2946335473697421,28.98,15.488510819715131,7.445367237422097,1.1211526520221966
59,13.0,9.0,29.001556568215715,8.599729024659863,1.2988747419908355,14.49,15.488510819715131,7.447365335355442,1.1248255265640634
59,13.0,5.0,31.691195797019727,8.67955058978079,1.3036202788792575,8.05,15.488510819715131,7.516490810750164,1.1289351615094372
59,13.0,-14.0,36.163634257013626,8.625076670750815,1.3088745388878271,-22.540000000000003,25.314543979909537,7.469316396870205,1.1334853506768585
59,13.0,-21.0,15.787602317267103,8.802136134156044,1.3328058905351003,-33.81,25.314543979909537,7.622649892179133,1.1542099012033966
59,13.0,38.0,14.843856040680315,8.884226158850769,1.3377954122767726,61.18000000000001,25.314543979909537,7.693739853564765,1.1585308270316852
59,13.0,20.0,14.394955178073985,8.888090592266282,1.3433287971645793,32.2,25.314543979909537,7.6970864529026,1.1633227383445255
59,13.0,15.0,15.798900157768935,8.962017092995703,1.3478904997448358,24.150000000000002,25.314543979909537,7.761106802534279,1.1672731727790273
59,13.0,15.0,5.770936928338368,9.062593365724501,1.352996909771012,24.150000000000002,25.314543979909537,7.848205854717418,1.1716953238616958
59,13.0,15.0,8.04782838414193,9.15445445769683,1.3586596887259597,24.150000000000002,25.314543979909537,7.927757560365454,1.1765992904366809
59,13.0,9.0,8.421410310069335,9.194573422601616,1.3633279424743794,14.49,25.314543979909537,7.962500583972999,1.1806419981828125
59,13.0,32.0,26.45878926593559,15.942200720182434,2.63483194007018,51.52,18.52115248615491,13.805945823677988,2.281764460100776
59,13.0,22.0,27.044770593297542,16.06245922782879,2.654874209974871,35.42,18.93133941530828,13.910089691299731,2.2991210658382384
59,13.0,15.0,24.25269761061021,16.216035171995113,2.6696444980020395,24.150000000000002,16.976888327427144,14.043086458947768,2.3119121352697656
59,13.0,15.0,20.037096724691406,16.23884923993555,2.6901797410993673,24.150000000000002,14.025967707283982,14.062843441784187,2.3296956557920527
59,13.0,15.0,21.35367173783882,16.379078913258912,2.7110205345422225,24.150000000000002,14.947570216487172,14.184282338882218,2.3477437829135646
59,13.0,15.0,12.704798238999158,16.49480634409423,2.7282906932680593,24.150000000000002,14.947570216487172,14.284502293985602,2.3626997403701395
59,13.0,11.0,16.900816201381442,16.619435824963073,2.749679081997413,17.71,14.947570216487172,14.392431424418021,2.3812220850097603
59,14.0,23.0,28.52177494157104,23.509793491202593,4.105544133557041,37.03,19.965242459099727,20.359481163381446,3.555401219660398
59,14.0,23.0,29.649299423654377,23.66684943651092,4.141378486843614,37.03,20.754509596558062,20.495491612018455,3.58643376960657
59,14.0,22.0,31.300290515656165,23.859620302920597,4.18181549719475,35.42,21.910203360959315,20.662431182329236,3.621452220570653
59,14.0,23.0,31.38766048220371,24.16438188462022,4.22706558983333,37.03,21.971362337542597,20.92635471208111,3.660638800795663
59,14.0,23.0,31.596293936804297,24.28596107710496,4.260473347092011,37.03,22.117405755763006,21.031642292772897,3.6895699185816806
59,14.0,22.0,31.28597991768717,24.533690865459477,4.311435243598909,35.42,21.900185942381018,21.246176289487906,3.733702920956656
59,14.0,15.0,31.163210050900542,24.73080548346459,4.345952102032832,35.42,21.814247035630377,21.416877548680333,3.7635945203604333
59,15.0,25.0,32.03916928447631,25.744349568364196,4.487438277799264,46.690000000000005,22.427418499133413,22.294606726203394,3.886121548574163
59,15.0,29.0,27.50647567513929,26.05003313995749,4.5384016044104225,46.690000000000005,19.254532972597502,22.559328699203185,3.9302557894194248
59,15.0,27.0,20.124466691238954,26.236904281311144,4.580782321272441,43.470000000000006,14.087126683867266,22.72115910761545,3.966957490221933
59,15.0,26.0,21.549500973204,26.50267495239157,4.633428802511428,41.86,15.084650681242799,22.9513165087711,4.012549342974896
59,15.0,26.0,24.361910068794636,26.764130931460645,4.67726195535503,41.86,17.053337048156244,23.177737386644917,4.0505088533374565
59,15.0,22.0,24.88387029997951,27.022857217930788,4.731677940188694,35.42,17.418709209985657,23.401794350728064,4.09763309620341
59,15.0,7.0,24.807044984567018,27.3618377710817,4.77698024150734,35.42,17.364931489196913,23.69535150975675,4.136864889145357
59,16.0,18.0,18.85609579756605,36.41505329428598,6.420298607204746,24.150000000000002,13.199267058296233,31.53543615285166,5.559978593839309
59,16.0,15.0,18.27388041703804,36.82667639134374,6.48936142362221,24.150000000000002,13.199267058296233,31.891901754903678,5.619786992856833
59,16.0,15.0,18.627879419428936,37.340882559062884,6.574867421012263,24.150000000000002,13.199267058296233,32.33720429614846,5.693835186596619
59,16.0,13.0,19.061716494699482,37.867327721982356,6.661522854646334,20.93,13.343201546289636,32.79310580723672,5.768878792123726
59,16.0,13.0,19.272609517400436,38.30778311207814,6.733308661856112,20.93,13.490826662180305,33.17454017505967,5.831045301167393
59,16.0,13.0,19.826956891357245,38.78809626223634,6.821991674214203,20.93,13.87886982395007,33.59049136309667,5.907844789869499
59,16.0,15.0,8.942617351887424,39.17858233878083,6.887142105689975,20.93,13.87886982395007,33.9286523053842,5.964265063527517
59,18.0,22.0,32.85412017934216,-39.588166208371746,6.340679068770768,35.42,22.99788412553951,-34.28335193644993,5.491028073555485
59,18.0,23.0,17.163679290390853,-40.06836585328635,6.408703404306813,37.03,22.99788412553951,-34.69920482894598,5.5499371481297
59,18.0,25.0,0.5905004635626858,-40.632751944470094,6.484168884883726,40.25,22.99788412553951,-35.1879631839111,5.615290254309306
59,18.0,25.0,2.5179120531760812,-41.00814258932065,6.539486912319024,40.25,22.99788412553951,-35.513051482351685,5.663195666068274
59,18.0,25.0,3.5716239773140845,-41.53377156428098,6.61598802367239,40.25,22.99788412553951,-35.96824617466733,5.72944562850029
59,18.0,22.0,5.640635167883846,-42.08961443277669,6.685995514020835,35.42,22.99788412553951,-36.44960609878461,5.790072115142044
59,18.0,13.0,6.33582895343022,-42.69892747661681,6.763387491758866,35.42,22.99788412553951,-36.97727119475016,5.8570935678631795
59,19.0,11.0,42.63579048583267,30.34648737222335,6.616518992305734,35.42,29.845053340082867,26.280058064345422,5.729905447336765
59,19.0,22.0,45.238059748089135,30.579621052993478,6.6769243154797895,35.42,31.666641823662392,26.481951831892353,5.782216457205497
59,19.0,26.0,41.4623214523752,30.94686381064171,6.761313951478883,41.86,31.666641823662392,26.79998406001572,5.855297881980713
59,19.0,29.0,41.33879839622178,31.28725869669477,6.83930130232676,46.690000000000005,31.666641823662392,27.09476603133767,5.922834927814975
59,19.0,29.0,41.46156826300842,31.634517541544014,6.9185906487135185,46.690000000000005,31.666641823662392,27.395492190977116,5.991499501785908
59,19.0,27.0,6.275573804087093,32.0759519542512,6.999080805460581,43.470000000000006,31.666641823662392,27.77777439238154,6.061203977528864
59,19.0,15.0,-9.373441669690807,32.379370155074625,7.080858431476866,43.470000000000006,31.666641823662392,28.040534554294624,6.132023401658968
59,21.0,15.0,25.51654936808238,-31.902020608594256,5.1668187454642,24.150000000000002,17.861584557657665,-27.627149847042627,4.474465033571997
59,21.0,15.0,23.614746216939807,-32.15773167758627,5.199191709682832,24.150000000000002,16.530322351857865,-27.84859563278971,4.502500020585332
59,21.0,18.0,23.46787429041593,-32.48760137209775,5.248305111776746,28.98,16.427512003291152,-28.13426278823665,4.545032226798661
59,21.0,22.0,33.90933848221374,-32.83302227006127,5.309137825375439,35.42,23.736536937549616,-28.43339728587306,4.597713356775129
59,21.0,22.0,32.22294748997286,-33.145954941788204,5.3596194736902145,35.42,23.736536937549616,-28.704396979588584,4.641430464215725
59,21.0,22.0,30.6879475604566,-33.546164760587,5.422129801275451,35.42,23.736536937549616,-29.05097868266834,4.695564407904541
59,21.0,11.0,30.903359719358285,-33.80076109223373,5.473976803712086,17.71,23.736536937549616,-29.271459105874406,4.7404639120146665
59,23.0,20.0,13.948313883568032,-22.204089206910048,3.517713489369397,32.2,21.644478152356104,-19.2287412531841,3.046339881793898
59,23.0,18.0,11.674435185231623,-22.355539740024696,3.5472778260427233,28.98,21.644478152356104,-19.359897414861386,3.071942597352999
59,23.0,7.0,30.920683074794436,-22.474208441358055,3.5802715852146196,11.270000000000001,21.644478152356104,-19.462664510216076,3.1005151927958607
59,23.0,5.0,31.18806530000458,-22.631570834201167,3.607675346269554,8.05,21.831645710003205,-19.59894034241821,3.1242468498694347
59,23.0,5.0,33.31055293561637,-22.8759178265928,3.638523116367507,8.05,23.31738705493146,-19.810544837829365,3.150961018774261
59,23.0,6.0,7.114626758690191,-22.984783389630987,3.6698208534433068,9.66,23.31738705493146,-19.904822415420433,3.1780648590819034
59,23.0,6.0,7.360166492263448,-23.18494328395574,3.704796340613438,9.66,23.31738705493146,-20.07816088390567,3.208353630971237
59,25.0,38.0,35.271858046735275,13.149339469114109,2.1962730863093,61.18000000000001,24.690300632714692,11.387327980252818,1.9019724927438535
59,25.0,35.0,35.394627913521916,13.275555903200592,2.206764302193374,56.35,24.77623953946534,11.496631412171713,1.9110578856994618
59,25.0,32.0,41.65438474090643,13.409110279170552,2.218411122584752,51.52,29.1580693186345,11.612289501761698,1.921144032158395
59,25.0,30.0,41.08497357961385,13.405050445006495,2.229103804790717,48.300000000000004,29.1580693186345,11.608773685375624,1.9304038949487605
59,25.0,30.0,39.94539806766188,13.5050983240125,2.2388105951420236,48.300000000000004,29.1580693186345,11.695415148594826,1.9388099753929922
59,25.0,29.0,40.79800843086718,13.590838806454512,2.2496862882686885,46.690000000000005,29.1580693186345,11.769666406389607,1.9482283256406845
59,25.0,11.0,39.0423240168817,13.638698261791744,2.2617703552480863,17.71,29.1580693186345,11.81111269471165,1.9586931276448425
59,25.0,23.0,34.36125210228722,27.661018717343563,4.624641534398563,37.03,24.05287647160105,23.954442209219525,4.004939568789155
59,25.0,20.0,31.369583937400765,27.914455906785747,4.663254969742299,32.2,21.958708756180535,24.17391881527646,4.038378803796832
59,25.0,18.0,25.872054749206853,28.172438566037833,4.702349220883072,28.98,18.110438324444797,24.397331798188763,4.072234425284741
59,25.0,18.0,24.45153960344254,28.461001488432743,4.741887679610407,28.98,17.116077722409777,24.647227288982755,4.106474730542612
59,25.0,18.0,2.084074977905539,28.801589679289687,4.7778671921462355,28.98,17.116077722409777,24.94217666226487,4.137632988398641
59,25.0,18.0,-1.3813492986912796,29.040466127025272,4.822359347043269,28.98,17.116077722409777,25.149043666003887,4.1761631945394715
59,25.0,15.0,0.7125171409825263,29.40479676230145,4.863271765474119,28.98,17.116077722409777,25.464553996153057,4.2115933489005855
59,26.0,7.0,21.292663399128905,24.099512384773373,4.085546678557051,11.270000000000001,14.904864379390233,20.87017772521374,3.5380834236304057
59,26.0,11.0,22.966250172134362,24.304113725046058,4.114318539758653,17.71,16.076375120494053,21.047362485889884,3.562999855430993
59,26.0,11.0,24.540415948723663,24.497213452409795,4.149942455736753,17.71,17.17829116410656,21.214586849786883,3.5938501666680285
59,26.0,13.0,26.854966872866676,24.76678748076134,4.182728872332609,20.93,18.798476811006672,21.44803795833932,3.622243203440039
59,26.0,15.0,26.61620584359452,24.97379277382308,4.215944726632193,24.150000000000002,18.631344090516162,21.627304542130787,3.6510081332634794
59,26.0,15.0,25.817071925431247,25.18385477325678,4.249561641124785,24.150000000000002,18.07195034780187,21.809218233640372,3.6801203812140635
59,26.0,13.0,34.92915688484623,25.39300643732953,4.280176849818661,20.93,18.07195034780187,21.990343574727373,3.7066331519429614
59,27.0,7.0,23.68629920678478,18.294879161885806,3.2474673040544353,11.270000000000001,16.580409444749346,15.843365354193107,2.8123066853111407
59,27.0,5.0,22.62656176771246,18.46024202183658,3.26918985604488,8.05,15.83859323739872,15.986569590910479,2.831118415334867
59,27.0,7.0,-4.3617196230758895,18.583302246661194,3.2911923602486732,11.270000000000001,15.83859323739872,16.093139745608593,2.8501725839753504
59,27.0,7.0,-26.778141557454184,18.664136251127925,3.313460928972101,11.270000000000001,-18.744699090217928,16.16314199347678,2.86945716448984
59,27.0,9.0,-26.97472398218615,18.768327627381133,3.335987589711382,14.49,-18.882306787530304,16.25337172531206,2.888965252690057
59,27.0,9.0,-31.595540747437507,18.984093544186905,3.3587937394399248,14.49,-22.116878523206253,16.44022500926586,2.908715378354975
59,27.0,9.0,-31.01784450311024,19.091690944471985,3.381873176032399,14.49,-21.712491152177165,16.53340435791274,2.9287021704440575
59,28.0,13.0,18.929908355511383,-35.12652347511982,4.889739637312296,20.93,13.250935848857967,-30.41956932945376,4.234514525912449
59,28.0,15.0,19.587442672718293,-35.48170987268365,4.952048035014483,24.150000000000002,13.711209870902804,-30.72716074974404,4.2884735983225415
59,28.0,15.0,21.486986255760495,-35.95306802542064,5.015355517127446,24.150000000000002,15.040890379032346,-31.135356910014277,4.34329787783237
59,28.0,15.0,-18.02156197916368,-36.41048226696838,5.079705401659089,24.150000000000002,15.040890379032346,-31.531477643194616,4.399024877836769
59,28.0,15.0,-15.807185240803618,-36.80952114445864,5.145097458977082,24.150000000000002,15.040890379032346,-31.877045311101185,4.455654399474152
59,28.0,15.0,-21.198514728280262,-37.216003813206264,5.21149567154551,24.150000000000002,-14.838960309796182,-32.22905930223662,4.513155251558411
59,28.0,7.0,-19.508357789205434,-37.63062209466263,5.278947254375865,11.270000000000001,-13.655850452443802,-32.588118733977836,4.571568322289499
59,29.0,15.0,29.53255507180206,18.70456884529601,3.3158208958149125,24.150000000000002,20.67278855026144,16.198156620026342,2.8715008957757133
59,29.0,15.0,20.62458443078694,18.83114497595937,3.338400324683165,24.150000000000002,14.437209101550856,16.307771549180814,2.8910546811756204
59,29.0,18.0,-3.416466967755526,18.959191864739523,3.3612620291469053,28.98,14.437209101550856,16.418660154864426,2.91085291724122
59,29.0,18.0,-5.991621412807585,19.0232823804829,3.3844035756795954,28.98,14.437209101550856,16.474162541498192,2.9308934965385296
59,29.0,18.0,-33.54027569248706,19.154595318923715,3.407816823563791,28.98,-23.47819298474094,16.587879546187935,2.9511693692062426
59,29.0,15.0,-36.235187246858594,19.353459722150365,3.431531216679309,24.150000000000002,-25.364631072801014,16.760096119382215,2.9717060336442813
59,29.0,6.0,-45.44292725585579,19.40046294593435,3.455533749342381,24.150000000000002,-31.810049079099052,16.80080091117915,2.9924922269305014
59,30.0,7.0,25.85247182567034,23.757609632730233,4.151341562666273,11.270000000000001,18.096730277969236,20.574089941944383,3.5950617932689912
59,30.0,7.0,24.987810432596405,23.88936817390475,4.184645370590589,11.270000000000001,17.491467302817483,20.688192838601513,3.623902890931449
59,30.0,11.0,43.10427427197552,24.156159721018426,4.218370598310459,17.71,17.491467302817483,20.91923431840196,3.6531089381368567
59,30.0,15.0,48.20035352767083,24.272714724178762,4.25253307445978,24.150000000000002,33.74024746936958,21.02017095113881,3.682693642482171
59,30.0,13.0,41.8087885610982,24.501450941852415,4.287144683109311,20.93,33.74024746936958,21.218256515644192,3.712667295572663
59,30.0,7.0,41.36440683469262,24.778049029398368,4.3222077992509735,11.270000000000001,33.74024746936958,21.457790459458987,3.743031954151343
59,30.0,1.0,41.67321447507616,24.926154401976678,4.357743233358649,11.270000000000001,33.74024746936958,21.5860497121118,3.7738056400885895
59,31.0,20.0,23.693077911085883,19.922148988524274,5.426854322365943,32.2,16.58515453776012,17.25258102406202,4.699655843168907
59,31.0,18.0,24.965967940959526,20.125609637908774,5.462714143378563,28.98,17.47617755867167,17.428777946428998,4.730710448165835
59,31.0,13.0,7.746552637426276,20.286297860919092,5.499007051785683,20.93,17.47617755867167,17.567933947555932,4.762140106846401
59,31.0,13.0,3.8683805878290087,20.427561618818288,5.535702884220881,20.93,17.47617755867167,17.69026836189664,4.793918697735283
59,31.0,11.0,5.170645003007424,20.570919808811492,5.572808989140489,17.71,17.47617755867167,17.814416554430753,4.826052584595664
59,31.0,7.0,5.1601003518723765,20.71621644548417,5.610347021829438,11.270000000000001,17.47617755867167,17.940243441789292,4.858560520904293
59,31.0,4.0,-19.030835730661124,20.84235027506454,5.648322909999198,11.270000000000001,-13.321585011462787,18.04947533820589,4.891447640059305
59,32.0,11.0,26.354849133318687,16.499001765783827,2.8711488142083192,24.150000000000002,18.44839439332308,14.288135529168795,2.486414873104404
59,32.0,15.0,20.712707586701267,16.574856319090575,2.8885187268671384,24.150000000000002,14.498895310690886,14.353825572332438,2.5014572174669425
59,32.0,15.0,4.852045900855617,16.673481305518997,2.9060822086427853,24.150000000000002,14.498895310690886,14.439234810579451,2.516667192684653
59,32.0,15.0,5.347644504202872,16.707350331561372,2.9238467936495223,24.150000000000002,14.498895310690886,14.468565387132148,2.532051323300486
59,32.0,18.0,21.12244260223456,16.829773294732146,2.9418256697146905,28.98,14.785709821564192,14.574583673238038,2.5476210299729223
59,32.0,15.0,32.15139450012788,16.90983909857375,2.959997577346469,24.150000000000002,22.505976150089513,14.643920659364868,2.563357901982042
59,32.0,9.0,31.58499609630245,16.946788355155544,2.978385212772385,24.150000000000002,22.109497267411715,14.6759187155647,2.579281594260885
59,33.0,13.0,27.498190592104606,19.790351374523866,3.4977050876787015,28.98,19.24873341447322,17.138444290337667,3.029012605929755
59,33.0,18.0,10.868522562767243,19.95300377708131,3.522562390927167,28.98,19.24873341447322,17.279301270952413,3.050539030542927
59,33.0,22.0,12.561692259309224,20.0742151393673,3.5477090545203502,35.42,19.24873341447322,17.38427031069208,3.0723160412146227
59,33.0,22.0,18.04340447080056,20.284841607249508,3.573170933237245,35.42,19.24873341447322,17.566672831878073,3.0943660281834546
59,33.0,22.0,21.251237983955495,20.431751270066524,3.598952931191956,35.42,14.875866588768845,17.69389659987761,3.116693238412233
59,33.0,15.0,10.830863094427785,20.581078100213062,3.6250649591210493,24.150000000000002,14.875866588768845,17.823213634784512,3.1393062545988295
59,33.0,7.0,8.318223366819234,20.732342261511153,3.651493069080212,24.150000000000002,14.875866588768845,17.95420839846866,3.162192997823463
59,34.0,20.0,38.87812873492168,27.075950857586278,4.62880707661887,32.2,27.214690114445176,23.447773442669718,4.00854692835194
59,34.0,22.0,40.144993249861,27.346736269784262,4.667930793542501,35.42,28.1014952749027,23.68227360963317,4.042428067207807
59,34.0,25.0,42.25241709813701,27.5128788644426,4.707520349755004,40.25,29.576691968695904,23.826153096607293,4.076712622887834
59,34.0,25.0,43.354333141749514,27.770854579690308,4.747616359945686,40.25,30.34803319922466,24.049560066011807,4.111435767712965
59,34.0,26.0,43.43643078272954,28.033310155216064,4.788202844553863,41.86,30.405501547910674,24.276846594417112,4.146583663383645
59,34.0,26.0,16.576944773662117,28.387573204406298,4.82928215302276,41.86,30.405501547910674,24.583638395015853,4.18215834451771
59,34.0,26.0,10.795463194188704,28.63760058349319,4.8708368211351765,41.86,30.405501547910674,24.800162105305102,4.218144687103063
59,35.0,18.0,37.6564555819897,34.81269672116709,5.850614032845007,28.98,26.359518907392786,30.1477953605307,5.066631752443776
59,35.0,22.0,35.74109502224491,35.21320283881561,5.90298517217164,35.42,25.01876651557144,30.49463365841432,5.111985159100639
59,35.0,22.0,38.82917142608037,35.68773497796122,5.95566271413883,35.42,27.18041999825626,30.905578490914415,5.157603910444228
59,35.0,22.0,29.918188027598102,36.0393040040001,6.00871845418218,35.42,20.94273161931867,31.210037267464088,5.20355018132177
59,35.0,22.0,31.06529543321796,36.53090008394429,6.06195934108789,35.42,21.74570680325257,31.635759472695753,5.249656789382113
59,35.0,15.0,1.5116510591458017,36.96528679414228,6.115495578211647,24.150000000000002,21.74570680325257,32.01193836372721,5.2960191707312845
59,35.0,7.0,-0.2538248166079395,37.40886685814698,6.169206006351084,24.150000000000002,21.74570680325257,32.39607869915528,5.342532401500041
59,37.0,20.0,27.500450160204974,10.76274367152757,1.8697188352126384,32.2,19.25031511214348,9.320536019542876,1.6191765112941447
59,37.0,23.0,28.858450588525784,10.837520046093466,1.876734895629947,37.03,20.200915411968047,9.385292359916942,1.625252419615534
59,37.0,22.0,8.798758182830703,10.79806689287545,1.8845903475707155,35.42,20.200915411968047,9.35112592923014,1.63205524099624
59,37.0,22.0,9.850210538868332,10.907059753234513,1.8933030759815148,35.42,20.200915411968047,9.445513746301089,1.6396004637999915
59,37.0,22.0,11.416091232422954,10.936538765638982,1.9012929916017782,35.42,20.200915411968047,9.471042571043359,1.6465197307271398
59,37.0,15.0,8.869557983308876,10.980795251234793,1.9093481188536394,24.150000000000002,20.200915411968047,9.509368687569332,1.6534954709272514
59,37.0,20.0,6.835193503611418,10.891572276752903,1.9166569532373625,24.150000000000002,20.200915411968047,9.432101591668014,1.6598249215035557
59,37.0,38.0,39.6328244804444,24.220806374302693,4.389994699010115,61.18000000000001,27.742977136311076,20.975218320146134,3.8017354093427596
59,37.0,30.0,39.40837404914123,24.547638453625286,4.430658282489993,48.300000000000004,27.58586183439886,21.258254900839496,3.836950072636334
59,37.0,29.0,39.50478228809023,24.68580456315061,4.464381488707184,46.690000000000005,27.65334760166316,21.37790675168843,3.866154369220421
59,37.0,26.0,40.28734604018415,24.95599974352957,4.502313254084783,41.86,28.2011422281289,21.611895777896606,3.899003278037421
59,37.0,25.0,40.405596770770046,25.22115666001774,4.5446272634489056,40.25,28.28391773953903,21.841521667575364,3.935647210146753
59,37.0,26.0,31.29953732628937,25.424326545704112,4.583655345125571,41.86,21.90967612840256,22.01746678857976,3.969445528878744
59,37.0,23.0,7.8369353614409665,25.642701644429945,4.6192511285863915,37.03,21.90967612840256,22.206579624076333,4.000271477355815
59,38.0,32.0,-3.780257431914678,32.82336163573375,6.044743432985307,51.52,16.395350817329255,28.425031176545424,5.234747812965276
59,38.0,25.0,-8.906464262281546,33.16661819192638,6.090109046506919,40.25,16.395350817329255,28.722291354208245,5.274034434274991
59,38.0,23.0,-3.3607309546131297,33.65029315245684,6.1458391031947475,37.03,16.395350817329255,29.141153870027622,5.322296663366652
59,38.0,25.0,-3.705691684602553,34.01778626839451,6.1916757276937275,40.25,16.395350817329255,29.459402908429645,5.361991180182766
59,38.0,23.0,-3.344913977910555,34.5868577506389,6.247913245823156,37.03,16.395350817329255,29.952218812053285,5.410692870882851
59,38.0,11.0,-5.039590053186113,34.95166565864525,6.2940937597115045,17.71,16.395350817329255,30.268142460386784,5.4506851959101645
59,38.0,-45.0,23.421929739041797,35.176853043828764,6.324985730847173,17.71,16.395350817329255,30.463154735955708,5.477437642913651
59,38.0,-24.0,1.923645642779453,56.97604768630622,7.626488455558427,-38.64,16.395350817329255,49.34125729634118,6.604539002513597
59,38.0,-31.0,5.712188157728817,58.027891256224365,7.618886465023184,-49.910000000000004,16.395350817329255,50.2521538278903,6.597955678710079
59,38.0,-31.0,-42.74349656528352,58.833164850325666,7.607926075181709,-49.910000000000004,-29.920447595698462,50.94952076038203,6.58846398110736
59,39.0,-31.0,-42.66817762860461,14.05031661077056,2.3283974631847615,-49.910000000000004,-29.867724340023226,12.167574184927306,2.016392203118004
59,39.0,-31.0,0.0,14.17286853647912,2.3390583079669147,-49.910000000000004,-29.867724340023226,12.273704152590918,2.025624494699348
59,39.0,-31.0,-42.66817762860461,14.202744080709875,2.3522040043452286,-49.910000000000004,-29.867724340023226,12.299576373894752,2.0370086677629677
59,39.0,-24.0,-42.66817762860461,14.284182700800212,2.3582296410596344,-49.910000000000004,-29.867724340023226,12.370102218892983,2.042226869157643
59,39.0,-24.0,17.3964148047287,15.126889962350813,2.740405138529555,-49.910000000000004,-29.867724340023226,13.099886707395804,2.373190849966594
59,39.0,-24.0,17.49809536924523,15.223709267596043,2.7564796401828344,-38.64,-29.867724340023226,13.183732225738172,2.387111368398334
59,39.0,-24.0,17.900298491110625,15.302013294843288,2.7710926765116053,-38.64,-29.867724340023226,13.251543513334287,2.39976625785905
59,39.0,-24.0,-5.319776497631674,15.409752665140445,2.780914321357428,-38.64,-29.867724340023226,13.344845808011625,2.4082718022955323
59,39.0,-24.0,2.1917810573563905,15.543742156514428,2.7957843332637067,-38.64,-29.867724340023226,13.460880707541495,2.4211492326063704
59,39.0,-24.0,2.3424189307142176,15.61021163656661,2.814157855883976,-38.64,-29.867724340023226,13.518443277266684,2.437060703195523
59,39.0,-21.0,2.3235891965444893,15.715278646197794,2.8310675268249588,-38.64,-29.867724340023226,13.60943130760729,2.4517044782304147
59,39.0,-21.0,2.798098497621642,15.97765797145935,2.882908230648975,-38.64,-29.867724340023226,13.836651803283797,2.4965985277420124
59,39.0,-24.0,4.797816266446806,15.990345881023456,2.8987894797520433,-38.64,-29.867724340023226,13.847639532966314,2.510351689465269
59,39.0,-24.0,4.786518425944962,16.01893863712574,2.9184299893901855,-38.64,-29.867724340023226,13.87240085975089,2.527360370811901
59,39.0,-24.0,12.039732028124355,16.137374869707532,2.936504415342294,-38.64,-29.867724340023226,13.974966637166723,2.5430128236864276
59,39.0,-24.0,18.760440747983825,16.17429356038422,2.964018510291883,-38.64,-29.867724340023226,14.006938223292735,2.56684002991277
59,39.0,-24.0,18.915597757542383,16.26330645896608,2.9807574064653055,-38.64,13.240918430279667,14.084023393464626,2.581335913998955
59,39.0,-24.0,18.914844568175596,16.307812776976828,3.001437906250632,-38.64,13.240391197722916,14.122565864861933,2.5992452268130464
59,39.0,-24.0,18.914844568175596,16.97518325575315,3.1395197342019285,-38.64,13.240391197722916,14.70050869948223,2.7188240898188694
59,39.0,-24.0,23.396321300570964,17.07036184068009,3.1581116953378343,-38.64,16.377424910399675,14.782933354028957,2.7349247281625653
59,39.0,-24.0,24.043310966642835,17.20326500669652,3.1789990212894326,-38.64,16.830317676649983,14.898027495799186,2.7530131524366483
59,39.0,-24.0,23.986821764133648,17.3636862223572,3.202272331973587,-38.64,16.79077523489355,15.036952268561334,2.773167839489126
59,39.0,-24.0,24.105072494719536,17.527967208203098,3.21941435923753,-38.64,16.873550746303675,15.179219602303883,2.7880128350997007
59,39.0,-24.0,23.899451797586103,17.655480157007318,3.243246712229153,-38.64,16.729616258310273,15.289645815968337,2.808651652790447
59,39.0,-24.0,9.785436253324464,17.75364477144167,3.267400200682892,-38.64,16.729616258310273,15.374656372068486,2.8295685737913834
59,39.0,-24.0,3.10690613800519,21.333677991296163,3.9160933670157103,-38.64,16.729616258310273,18.474965140462476,3.391336855835605
59,39.0,-24.0,3.214612217456033,21.420124953622413,3.9435926240652073,-38.64,16.729616258310273,18.54982820983701,3.4151512124404695
59,39.0,-24.0,3.626606801089693,21.629617387488462,3.9745423933483366,-38.64,16.729616258310273,18.731248657565008,3.44195371263966
59,39.0,-24.0,5.644401114717796,21.756555655064872,4.0090629660843415,-38.64,16.729616258310273,18.84117719728618,3.4718485286290397
59,39.0,-24.0,21.959235988737287,21.96150379490541,4.034485940970537,-38.64,15.3714651921161,19.018662286388086,3.493864824880485
59,39.0,-24.0,20.81137539375064,22.13093646070018,4.069895403307784,-38.64,14.567962775625448,19.165390974966357,3.5245294192645407
59,39.0,-24.0,11.532082394908478,22.25359239024972,4.105860798218242,-38.64,14.567962775625448,19.27161100995626,3.555675451256997
59,39.0,-24.0,-50.84028225826675,29.916409995843967,5.446160866490194,-38.64,14.567962775625448,25.907611056400874,4.716375310380508
59,39.0,-24.0,-51.16980260623699,30.372206463723334,5.502310084335402,-38.64,14.567962775625448,26.302330797584407,4.765000533034458
59,39.0,-24.0,-51.20746207457645,30.67292123507738,5.548802209871631,-38.64,14.567962775625448,26.56274978957701,4.805262713748833
59,39.0,-24.0,-51.282781011255366,31.015453201086412,5.600981623232778,-38.64,14.567962775625448,26.859382472140833,4.8504500857195865
59,39.0,-29.0,6.417926594410239,31.494928579295404,5.658937299300694,-46.690000000000005,14.567962775625448,27.27460814966982,4.900639701194402
59,39.0,-24.0,-51.55581215671643,31.92465952234997,5.706883605504924,-38.64,14.567962775625448,27.646755146355073,4.942161202367265
59,39.0,-24.0,-51.61230135922561,32.26168066396831,5.7606935896062055,-38.64,14.567962775625448,27.938615454996558,4.988760648598975
59,40.0,-24.0,29.963379389605446,32.36712380463688,5.834478830487903,-28.98,20.974365572723812,28.02992921481554,5.0526586672025235
59,40.0,-18.0,35.3961342922555,32.76688130137133,5.89038912528507,-28.98,24.777294004578852,28.37611920698757,5.1010769824968705
59,40.0,9.0,35.68083987290179,33.08136892420272,5.941202473007644,14.49,24.976587911031253,28.648465488359555,5.1450813416246195
59,40.0,18.0,36.53345023610708,33.53646356867747,6.00388743324039,28.98,25.573415165274955,29.04257745047469,5.199366517186178
59,40.0,20.0,26.075415878239923,33.986723345303474,6.061440785738679,32.2,18.252791114767945,29.432502417032808,5.249207720449695
59,40.0,20.0,2.954761885913786,34.38383058606447,6.113659040615456,32.2,18.252791114767945,29.77639728753183,5.294428729172985
59,40.0,23.0,4.910041482098388,34.76292801508607,6.172144677882766,32.2,18.252791114767945,30.104695661064536,5.345077291046476
59,42.0,-4.0,-34.06901462797303,-27.178622404443146,3.8445385477366383,-6.44,-23.84831023958112,-23.536687002247763,3.3293703823399277
59,42.0,-8.0,-34.56988555688781,-27.449788601193013,3.889611720893374,-12.88,-24.198919889821468,-23.77151692863315,3.3684037502936626
59,42.0,-11.0,-38.71845258916237,-27.746252414108593,3.9355508080462993,-17.71,-27.102916812413657,-24.02825459061804,3.4081869997680947
59,42.0,-12.0,-34.31229479344592,-28.009136252635727,3.9823252473728825,-19.32,-24.018606355412143,-24.25591199478254,3.4486936642249173
59,42.0,-14.0,-34.604532267760106,-28.27691262926735,4.029948381631881,-22.540000000000003,-24.223172587432074,-24.487806336945525,3.489935298493208
59,42.0,-15.0,-34.25731196967032,-28.6050045190577,4.068717643365778,-24.150000000000002,-23.980118378769223,-24.77193391350397,3.5235094791547628
59,42.0,-15.0,-16.242528694807735,-28.853309898949945,4.122927914146128,-24.150000000000002,-23.980118378769223,-24.986966372490652,3.5704555736505466
59,43.0,-45.0,-21.734785557434126,-45.368998718085685,6.923289783588828,-72.45,-15.214349890203888,-39.2895528898622,5.995568952587927
59,43.0,-45.0,-28.331218031773385,-45.9252232083899,7.017140490699205,-72.45,-19.831852622241367,-39.771243298465656,6.07684366494551
59,43.0,-42.0,-31.972888620198866,-46.60511765534861,7.111799026660027,-67.62,-22.381022034139203,-40.360031889531896,6.158817957087585
59,43.0,-15.0,-30.712049620193852,-47.242880134954255,7.2070666846932845,-24.150000000000002,-21.498434734135696,-40.91233419687038,6.241319748944385
59,43.0,-15.0,-32.10469675938696,-47.75438715060926,7.293385358837952,-24.150000000000002,-22.47328773157087,-41.35529927242762,6.316071720753666
59,43.0,-42.0,-32.75469918292598,-48.47260456796056,7.389678283633565,-24.150000000000002,-22.928289428048185,-41.97727555585384,6.399461393626666
59,43.0,-42.0,-32.57619330299696,-49.1494813806076,7.486379573386927,-24.150000000000002,-22.80333531209787,-42.56345087560618,6.483204710553078
59,49.0,-2.0,29.583018759376927,7.678809817568588,3.363825562247091,-3.22,20.70811313156385,6.649849302014397,2.913072936905981
59,49.0,9.0,31.351507392597828,7.777334957243214,3.382393327209346,14.49,21.94605517481848,6.735172072972624,2.9291526213632935
59,49.0,13.0,25.13091641228634,7.696712277772471,3.403064041012752,20.93,17.591641488600438,6.665352832550959,2.9470534595170434
59,49.0,13.0,1.1892860101600446,7.612603253894778,3.420155301045521,20.93,17.591641488600438,6.592514417872878,2.961854490705421
59,49.0,13.0,4.9928923124451865,7.5020390689040655,3.43935546695234,20.93,17.591641488600438,6.496765833670921,2.9784818343807262
59,49.0,13.0,10.022690903863051,7.488279544188179,3.4587656899888235,20.93,17.591641488600438,6.484850085266963,2.995291087530321
59,49.0,-3.0,9.28531851377648,7.434068883187709,3.4783895151604187,-4.83,17.591641488600438,6.437903652840555,3.012285320128923
59,51.0,-3.0,-20.119947555038216,-68.46290766224318,16.809536890628053,-4.83,-14.08396328852675,-59.2888780355026,14.557058947283892
59,51.0,-14.0,-21.331076056835148,-70.58227285823482,17.135893944207115,-22.540000000000003,-14.931753239784602,-61.124248295231354,14.839684155683361
59,51.0,-15.0,-21.45083316615462,-72.63051492568798,37.32814473749365,-24.150000000000002,-15.015583216308233,-62.89802592564579,32.3261733426695
59,51.0,-15.0,-16.19131181786608,-74.67578854986073,38.112038864008085,-24.150000000000002,-15.015583216308233,-64.6692328841794,33.005025656231
59,51.0,-15.0,-16.293745571749398,-76.7950496223759,38.923272501435626,-24.150000000000002,-15.015583216308233,-66.50451297297752,33.707553986243255
59,51.0,-15.0,-15.153416870430645,-78.9175379280035,39.72747934804729,-24.150000000000002,-15.015583216308233,-68.34258784565102,34.403997115408956
59,51.0,-15.0,-6.16862091400303,-80.8965605546111,40.47946338577641,-24.150000000000002,-15.015583216308233,-70.0564214402932,35.05521529208237
59,52.0,-10.0,-26.104790263544697,-40.70070796119162,13.335079047695626,-16.1,-18.273353184481287,-35.24681309439194,11.548178455304411
59,52.0,-14.0,-27.31667195470842,-41.58214781010102,13.653127431951559,-22.540000000000003,-19.12167036829589,-36.010140003547484,11.82360835607005
59,52.0,-15.0,-24.002638740836215,-42.73112384752509,14.004824269119265,-24.150000000000002,-16.80184711858535,-37.00515325195673,12.128177817057283
59,52.0,-15.0,-18.485526629105788,-43.66005835667029,14.29254065674709,-24.150000000000002,-16.80184711858535,-37.80961053687647,12.37734020874298
59,52.0,-15.0,-1.9982113900915783,-44.87264692390033,14.641445484056955,-24.150000000000002,-16.80184711858535,-38.859712236097685,12.679491789193325
59,52.0,-15.0,1.4009322222277965,-45.82454956413806,14.922445941135798,-24.150000000000002,-16.80184711858535,-39.68405992254356,12.922838185023602
59,52.0,-21.0,-0.5219602311848681,-47.08977006488851,15.257469177913254,-33.81,-16.80184711858535,-40.77974087619345,13.21296830807288
59,55.0,0.0,26.098011559243595,-13.879422826458756,4.802775204348133,0.0,18.268608091470515,-12.019580167713283,4.159203326965483
59,55.0,9.0,28.185099294616297,-13.921356758767677,4.838792217820862,14.49,19.729569506231407,-12.055894953092809,4.190394060632867
59,55.0,18.0,29.52050404193344,-14.053395269601186,4.878967982533586,28.98,20.664352829353405,-12.170240303474626,4.225186272874087
59,55.0,18.0,30.816742942177537,-14.175515511368964,4.916037605869958,28.98,21.571720059524274,-12.275996432845522,4.257288566683384
59,55.0,18.0,-8.573554562160744,-14.210728189264197,4.949829668635249,28.98,21.571720059524274,-12.306490611902793,4.286552493038126
59,55.0,18.0,-6.566304899667692,-14.350382365469832,4.987975855428761,28.98,21.571720059524274,-12.427431128496874,4.319587090801307
59,55.0,1.0,-3.512122017337745,-14.436611884640476,5.026629191878437,1.61,21.571720059524274,-12.502105892098651,4.353060880166726
59,56.0,6.0,23.249449374047078,36.63608266611263,10.701610875096161,9.66,16.274614561832955,31.726847588853534,9.267595017833276
59,56.0,20.0,21.37174828264176,37.53821476637884,10.836975051621966,32.2,14.960223797849231,32.50809398768408,9.384820394704622
59,56.0,32.0,31.826769883041766,38.47732325081031,10.969747369667324,51.52,22.278738918129235,33.32136193520173,9.4998012221319
59,56.0,32.0,33.98315104015907,39.46830997634716,11.099386821351489,51.52,23.78820572811135,34.17955643951664,9.612068987290389
59,56.0,32.0,35.061718213401114,40.44170019314262,11.224945264813911,51.52,24.54320274938078,35.02251236726151,9.720802599328847
59,56.0,32.0,28.3929795598501,41.41544401037164,11.345169901837272,51.52,19.87508569189507,35.86577451298184,9.824917134991075
59,56.0,11.0,37.20981428748373,42.51317359895264,11.45899467453162,17.71,26.04687000123861,36.81640833669299,9.923489388144384
59,57.0,-21.0,18.780023671520343,12.145099905770307,3.9708820042841335,-33.81,16.241926143314306,10.517656518397086,3.43878381571006
59,57.0,-2.0,23.20275163330615,12.324469398257687,4.00235873969133,-3.22,16.241926143314306,10.672990498891156,3.4660426685726917
59,57.0,7.0,23.263006782649285,12.414849540011538,4.031081632815751,11.270000000000001,16.2841047478545,10.751259701649992,3.490916694018441
59,57.0,11.0,23.93560488719198,12.686940324795094,4.063453165426069,17.71,16.754923421034388,10.98689032127255,3.5189504412589754
59,57.0,11.0,24.332535683489855,12.864445844563951,4.096302978059001,17.71,17.032774978442898,11.140610101392381,3.547398378999094
59,57.0,11.0,24.817589635702063,13.021611877155825,4.129654163638436,17.71,17.372312744991444,11.276715885616944,3.576280505710885
59,57.0,11.0,25.759829533555273,13.203967959800368,4.163489061043513,17.71,18.03188067348869,11.434636253187119,3.605581526863682
59,58.0,-21.0,14.855907070548941,40.61370022583688,21.112362671390798,-33.81,,35.17146439557474,18.283306073424434
59,58.0,-21.0,14.575720626103378,41.75827847729475,21.876085547649705,-33.81,,36.162669161337256,18.944690084264646
59,58.0,0.0,14.803937004240483,42.96354233071412,22.75768602619857,0.0,,37.206427658398425,19.708156098687965
59,58.0,1.0,16.10544823005212,44.203346523235155,23.59608258499998,1.61,,38.280098089121644,20.43420751860998
59,58.0,5.0,-39.52361202225996,45.41063759850035,24.470154083808307,8.05,,39.325612160301304,21.19115343657799
59,58.0,6.0,15.044204412246225,46.769088179633215,25.378738855593742,8.05,,40.50203036356236,21.97798784894418
59,58.0,7.0,15.519466902690164,48.21206023383058,26.321613221205553,8.05,,41.75164416249728,22.794517049564007
59,59.0,0.0,24.821355582536007,12.844550337090183,4.710573828234362,0.0,17.374948907775202,11.123380591920098,4.079356935250957
59,59.0,13.0,25.74325936748591,12.969165499667927,4.754449816712911,20.93,18.020281557240136,11.231297322712425,4.117353541273381
59,59.0,20.0,26.528835877046987,13.201042409052508,4.803553363239215,32.2,18.57018511393289,11.432102726239473,4.15987721256516
59,59.0,25.0,30.105732179928598,13.372374648145582,4.849052267023743,40.25,21.074012525950018,11.580476445294074,4.199279263242562
59,59.0,25.0,30.703011347792376,13.464428346103347,4.8953263664899715,40.25,21.074012525950018,11.660194947725499,4.2393526333803155
59,59.0,20.0,30.410020684111405,13.640938524551045,4.94247826881357,32.2,21.074012525950018,11.813052762261204,4.280186180792552
59,59.0,4.0,33.19004263693011,13.76526111977961,4.98563346971333,6.44,21.074012525950018,11.920716129729144,4.317558584771745
59,61.0,-8.0,22.398345389575358,5.582814131538191,3.177939481972032,-12.88,15.67884177270275,4.834717037912073,2.75209559138778
59,61.0,5.0,45.98597678931075,5.739340166081859,3.1963226290881597,8.05,15.67884177270275,4.97026858382689,2.7680153967903465
59,61.0,11.0,18.652734668532972,5.714156416449893,3.203061368555052,17.71,15.67884177270275,4.948459456645607,2.7738511451686754
59,61.0,11.0,20.025045694822783,5.9238936900945545,3.2217361806554017,17.71,14.017531986375946,5.130091935621884,2.790023532447578
59,61.0,13.0,5.3642146702722355,6.085916293647471,3.235451385851502,20.93,14.017531986375946,5.27040351029871,2.8019009001474005
59,61.0,9.0,5.145036564536591,6.257394729641577,3.254500279419613,14.49,14.017531986375946,5.418903835869606,2.8183972419773844
59,61.0,0.0,0.9008144826798106,6.46235771054664,3.2720117074581188,0.0,14.017531986375946,5.59640177733339,2.8335621386587304
59,61.0,9.0,28.815518794618804,27.807705541094343,11.828958694314437,14.49,20.17086315623316,24.0814729985877,10.243878229276302
59,61.0,15.0,26.959660194850372,28.367643588747068,12.03130886768946,24.150000000000002,18.871762136395258,24.566379347854962,10.419113479419071
59,61.0,20.0,28.212214111820703,28.94002621608776,12.238319783112793,32.2,19.748549878274492,25.062062703132,10.598384932175676
59,61.0,20.0,29.457989324489937,29.477646300096914,12.391496649216684,32.2,20.620592527142954,25.52764169588393,10.73103609822165
59,61.0,20.0,51.950859979597325,30.086382772008868,12.605992656259945,32.2,36.36560198571812,26.054807480559678,10.916789640321113
59,61.0,20.0,-41.78318012262737,30.80484615009299,12.824645933898092,32.2,36.36560198571812,26.67699676598053,11.106143378755746
59,61.0,13.0,9.826861668497871,31.329040525485766,12.986202408972185,20.93,36.36560198571812,27.130949095070672,11.24605128616991
59,63.0,-18.0,-18.317565400311814,-74.94145960685665,38.10927804705318,-28.98,-13.427558755370018,-64.89930401953787,33.002634788748054
59,63.0,-9.0,-19.18222679338574,-76.90443064634303,38.86561832460325,-14.49,-13.427558755370018,-66.59923693973306,33.657625469106414
59,63.0,-11.0,-17.814434903296668,-78.72025670251026,39.56489619790895,-17.71,-13.427558755370018,-68.17174230437388,34.26320010738915
59,63.0,-11.0,-16.550583145824497,-80.95047554311657,40.58296901554695,-17.71,-13.427558755370018,-70.10311182033895,35.144851167463656
59,63.0,-12.0,-17.40620626649696,-83.21499806797573,42.222719936314604,-19.32,-13.427558755370018,-72.06418832686698,36.56487546484845
59,63.0,-14.0,-17.388129721694018,-84.86511337949537,43.42252503724521,-22.540000000000003,-13.427558755370018,-73.493188186643,37.60390668225435
59,63.0,-14.0,19.79682931668568,-87.13840313012918,43.56920156506459,-22.540000000000003,13.857780521679976,-75.46185711069187,37.73092855534593
59,64.0,-8.0,-10.867769373400455,-30.604711444015642,8.145789095574997,-12.88,,-26.503680110517546,7.054253356767948
59,64.0,-9.0,-15.156429627897804,-31.286797791471614,8.324712448570043,-14.49,,-27.094366887414417,7.209200980461658
59,64.0,-10.0,-14.728618067561573,-31.97112306424724,8.527756862164933,-16.1,,-27.68699257363811,7.385037442634831
59,64.0,-11.0,-14.174270693604766,-32.59520413728785,8.698743400264656,-17.71,,-28.227446782891278,7.533111784629192
59,64.0,-14.0,-13.336724117735248,-33.29467563367446,8.91360592553789,-22.540000000000003,,-28.83318909876208,7.7191827315158115
59,64.0,-14.0,-13.18909900184458,-34.02059509545614,9.114587451890557,-22.540000000000003,,-29.461835352665016,7.893232733337223
59,64.0,-14.0,-12.841878703754785,-34.750345189065776,9.299694086496585,-22.540000000000003,,-30.093798933730962,8.053535078906044
59,65.0,18.0,13.446689765286461,-21.54309937412648,7.536811644303828,28.98,-15.204332471625591,-18.656324057993533,6.526878883967115
59,65.0,13.0,14.217955676878537,-21.763128500503047,7.6071847992672925,20.93,-15.204332471625591,-18.846869281435637,6.587822036165476
59,65.0,13.0,7.3496218411284024,-22.086883527611317,7.68638309521212,20.93,-15.204332471625591,-19.1272411349114,6.656407760453696
59,65.0,15.0,-17.879209188840534,-22.409352006537887,7.766635286692187,24.150000000000002,-15.204332471625591,-19.40649883766181,6.725906158275435
59,65.0,18.0,-16.805914341166012,-22.691099655001707,7.847810521835094,28.98,-15.204332471625591,-19.650492301231477,6.796203911909192
59,65.0,18.0,-21.720474959465133,-23.14018664585713,7.938301757560062,28.98,-15.204332471625591,-20.039401635312277,6.874569322047013
59,65.0,18.0,-22.661961667951555,-23.483799982395862,8.02148531820773,28.98,-15.863373167566088,-20.336970784754815,6.946606285567895
59,66.0,-15.0,-21.433509810718473,25.053966586856106,9.194157674915417,-24.150000000000002,-15.00345686750293,21.69673506421739,7.962140546476751
59,66.0,-15.0,-30.678156098688337,25.441017693756095,9.347382531098768,-24.150000000000002,-21.474709269081835,22.031921322792776,8.094833271931533
59,66.0,-15.0,-25.79748900189473,25.98455510544318,9.50429336326368,-24.150000000000002,-18.05824230132631,22.502624721313794,8.230718052586347
59,66.0,-15.0,-25.305656345381426,26.474519720952728,9.665236222332306,-24.150000000000002,-17.713959441766995,22.926934078345063,8.370094568539777
59,66.0,-15.0,-25.387753986361442,26.981922731450396,9.830118118129034,-24.150000000000002,-17.771427790453007,23.36634508543604,8.512882290299745
59,66.0,-15.0,-26.049807439769094,27.513318270505472,10.016033785441333,-24.150000000000002,-18.234865207838364,23.826533622257738,8.673885258192197
59,66.0,-15.0,-26.673448235470495,28.12471231780348,10.18917913826572,-24.150000000000002,-18.671413764829346,24.356000867217812,8.823829133738112
59,68.0,20.0,19.386341111785594,-38.36764978507313,10.19423388884994,32.2,13.570438778249915,-33.22638471387333,8.828206547744047
59,68.0,20.0,13.515983187031066,-39.10824610171301,10.39608997550487,32.2,13.570438778249915,-33.867741124083466,9.003013918787218
59,68.0,20.0,23.84371578444371,-40.37886019628024,10.667810881399694,32.2,16.690601049110597,-34.96809292997869,9.238324223292135
59,68.0,20.0,27.128374613011136,-41.27198022816009,10.872676928119587,32.2,18.989862229107793,-35.74153487758664,9.415738219751562
59,68.0,20.0,27.793440823885945,-42.17475629069651,11.077799887065716,32.2,19.45540857672016,-36.52333894774318,9.593374702198911
59,68.0,20.0,13.16123099527338,-43.318532511713556,11.327122199436129,32.2,19.45540857672016,-37.51384915514394,9.809287824711689
59,68.0,20.0,-42.630518160265154,-44.413486701419004,11.55085356286262,32.2,19.45540857672016,-38.46207948342886,10.00303918543903
59,69.0,4.0,16.290732814282244,50.06733082708022,14.567065817208249,6.44,16.44543791022073,43.35830849625147,12.615078997702343
59,69.0,11.0,17.548559056820103,51.716759280697424,15.041298853579235,17.71,16.44543791022073,44.78671353708397,13.025764807199616
59,69.0,15.0,0.0,53.53497736430967,15.50451718078179,24.150000000000002,16.44543791022073,46.36129039749217,13.426911878557029
59,69.0,15.0,0.0,54.90340607261292,15.829800678240517,24.150000000000002,16.44543791022073,47.54634965888278,13.708607387356288
59,69.0,18.0,0.0,56.82362384739857,16.254198719526006,28.98,16.44543791022073,49.20925825184716,14.076136091109522
59,69.0,13.0,23.493482728886757,58.46864289721584,16.5751198234787,20.93,16.44543791022073,50.63384474898891,14.354053767132559
59,69.0,0.0,36.519892827504876,60.59802641621515,16.924302891710177,0.0,25.56392497925341,52.477890876442316,14.656446304221014
59,70.0,-21.0,-20.495035859699207,30.184484557494915,10.140075566373207,0.0,-14.346525101789444,26.139763626790597,8.781305440479198
59,70.0,0.0,-19.27110313866686,30.894994088839255,10.308915202466547,0.0,-13.4897721970668,26.755064880934793,8.927520565336032
59,70.0,0.0,-16.541544873423025,31.641101499287323,10.464166358192283,0.0,-13.4897721970668,27.40119389838282,9.061968066194517
59,70.0,-8.0,-15.550347666728522,32.30848137824101,10.620913258734586,-12.88,-13.4897721970668,27.979144873556717,9.19771088206415
59,70.0,-8.0,-15.686674942117355,33.04606852598996,10.778845581047339,-12.88,-13.4897721970668,28.617895343507303,9.334480273186994
59,70.0,-12.0,-16.422540953470342,33.8546561632227,10.937580419864425,-12.88,-13.4897721970668,29.31813223735086,9.47194464360259
59,70.0,-15.0,-16.212401120136175,34.61314576166116,11.096682123516523,-12.88,-13.4897721970668,29.97498422959856,9.609726718965309
59,71.0,-9.0,-20.807609446916697,-26.213166042721387,7.243715142695956,-14.49,-14.565326612841687,-22.70060179299672,6.273057313574697
59,71.0,-10.0,-20.652452437358136,-26.663013250211517,7.322416781605677,-16.1,-14.456716706150694,-23.090169474683172,6.341212932870516
59,71.0,-11.0,-19.844280246793396,-26.891618270247424,7.36989794947983,-17.71,-13.890996172755376,-23.28814142203427,6.382331624249533
59,71.0,-12.0,-1.4905617568756993,-27.334186469841505,7.441105622566939,-19.32,-13.890996172755376,-23.671405482882744,6.443997469142968
59,71.0,-14.0,29.52125723130023,-27.81122433598286,7.512514093143125,-22.540000000000003,20.66488006191016,-24.084520274961157,6.505837204661946
59,71.0,-14.0,30.413786630945346,-28.436964788766,7.599656378909618,-22.540000000000003,21.28965064166174,-24.626411507071357,6.58130242413573
59,71.0,-9.0,28.661114974427026,-28.872781124325176,7.711637076265589,-14.49,20.062780482098916,-25.0038284536656,6.678277708046
